"v1","v2","asso","diss","adja"
"Methanosarcina_mazei","Kaistibacter_ginsenosidimutans",0.667547542464016,0.407708509560436,0.592291490439564
"Methanosarcina_mazei","Mycobacterium_arupense",0.637303281950697,0.425850160296613,0.574149839703387
"Methanosarcina_mazei","Mycobacterium_celatum",0.645997453912739,0.420715192313792,0.579284807686208
"Methanosarcina_mazei","Nocardiopsis_exhalans",0.656682602328206,0.414317147648872,0.585682852351128
"Methanosarcina_mazei","Actinomadura_namibiensis",0.638652012351762,0.425057635884969,0.574942364115031
"Methanosarcina_mazei","Litorilinea_aerophila",0.61401649107706,0.439308268146037,0.560691731853963
"Methanosarcina_mazei","Clostridium_ruminantium",0.629778387749454,0.43024505357444,0.56975494642556
"Methanosarcina_mazei","Roseisalinus_antarcticus",0.679395743161469,0.400377482407872,0.599622517592128
"Methanosarcina_mazei","Nitrosococcus_mobilis",0.699603390271554,0.387554260541957,0.612445739458043
"Methanosarcina_mazei","Nitrosomonas_halophila",0.692473473555453,0.39212659081255,0.60787340918745
"Methanosarcina_mazei","Nitrosomonas_oligotropha",0.609512168317316,0.441864137310715,0.558135862689285
"Methanosarcina_mazei","Thiodictyon_syntrophicum",0.69184725905738,0.39252563033681,0.60747436966319
"Methanosarcina_mazei","Hahella_ganghwensis",0.695038086656038,0.390488100551068,0.609511899448932
"Kaistibacter_ginsenosidimutans","Mycobacterium_arupense",0.604324379149579,0.444789624907338,0.555210375092662
"Kaistibacter_ginsenosidimutans","Mycobacterium_celatum",0.60887170179915,0.442226355049566,0.557773644950434
"Kaistibacter_ginsenosidimutans","Nocardiopsis_exhalans",0.624570652830368,0.433260514684659,0.566739485315341
"Kaistibacter_ginsenosidimutans","Actinomadura_namibiensis",0.603252739534356,0.445391547105265,0.554608452894735
"Kaistibacter_ginsenosidimutans","Clostridium_ruminantium",0.616664724831226,0.43779862675023,0.56220137324977
"Kaistibacter_ginsenosidimutans","Roseisalinus_antarcticus",0.638707520761707,0.425024987052698,0.574975012947302
"Kaistibacter_ginsenosidimutans","Nitrosococcus_mobilis",0.671099776449146,0.405524489735734,0.594475510264266
"Kaistibacter_ginsenosidimutans","Nitrosomonas_halophila",0.667151651652674,0.407951190920756,0.592048809079244
"Kaistibacter_ginsenosidimutans","Thiodictyon_syntrophicum",0.663929065951989,0.409921293694296,0.590078706305704
"Kaistibacter_ginsenosidimutans","Hahella_ganghwensis",0.66372556258579,0.410045386155124,0.589954613844876
"Mycobacterium_arupense","Roseisalinus_antarcticus",0.603935849267133,0.445007949778915,0.554992050221085
"Mycobacterium_arupense","Nitrosococcus_mobilis",0.65208428918342,0.417082552270279,0.582917447729721
"Mycobacterium_arupense","Nitrosomonas_halophila",0.652015507535104,0.417123778071267,0.582876221928732
"Mycobacterium_arupense","Thiodictyon_syntrophicum",0.65298606360372,0.416541676424029,0.583458323575971
"Mycobacterium_arupense","Hahella_ganghwensis",0.646688708042692,0.420304230265,0.579695769735
"Mycobacterium_celatum","Nocardiopsis_exhalans",0.61329672540378,0.439717679082966,0.560282320917034
"Mycobacterium_celatum","Roseisalinus_antarcticus",0.625564580035886,0.432686618676909,0.567313381323091
"Mycobacterium_celatum","Nitrosococcus_mobilis",0.641185706977227,0.423564807923636,0.576435192076364
"Mycobacterium_celatum","Nitrosomonas_halophila",0.636124516820802,0.4265416059303,0.5734583940697
"Mycobacterium_celatum","Thiodictyon_syntrophicum",0.633060605577215,0.428333628391926,0.571666371608074
"Mycobacterium_celatum","Hahella_ganghwensis",0.637025971285334,0.426012927453303,0.573987072546697
"Nocardiopsis_exhalans","Actinomadura_namibiensis",0.619780121475372,0.43601598509953,0.56398401490047
"Nocardiopsis_exhalans","Litorilinea_aerophila",0.609245322388849,0.442015088889028,0.557984911110972
"Nocardiopsis_exhalans","Clostridium_ruminantium",0.635054017159404,0.427168574944715,0.572831425055286
"Nocardiopsis_exhalans","Roseisalinus_antarcticus",0.659676738624919,0.412506521993944,0.587493478006056
"Nocardiopsis_exhalans","Nitrosococcus_mobilis",0.643647707028358,0.422109164181282,0.577890835818718
"Nocardiopsis_exhalans","Nitrosomonas_halophila",0.641673370975134,0.423276876893167,0.576723123106833
"Nocardiopsis_exhalans","Thiodictyon_syntrophicum",0.643345256203342,0.422288256879503,0.577711743120497
"Nocardiopsis_exhalans","Hahella_ganghwensis",0.663615185092459,0.410112676533865,0.589887323466135
"Propionibacterium_acnes","Propionibacterium_granulosum",0.606555558360358,0.443533787686824,0.556466212313176
"Propionibacterium_acnes","Tessaracoccus_bendigoensis",0.609641540054953,0.44179093468803,0.55820906531197
"Propionibacterium_granulosum","Tessaracoccus_bendigoensis",0.676628405711854,0.402101724870801,0.597898275129199
"Propionibacterium_granulosum","Bifidobacterium_bifidum",0.633475645574541,0.428091318777582,0.571908681222418
"Propionibacterium_granulosum","Bacillus_muralis",0.617787713513526,0.437156886304261,0.562843113695739
"Propionibacterium_granulosum","Streptococcus_minor",0.648584376249804,0.419175156557611,0.580824843442389
"Propionibacterium_granulosum","Clostridium_intestinale",0.61206779840975,0.440415827139676,0.559584172860324
"Propionibacterium_granulosum","Blautia_producta",0.613399196779056,0.43965941546892,0.56034058453108
"Propionibacterium_granulosum","Clostridium_sticklandii",0.606393869002076,0.443624915327084,0.556375084672916
"Propionibacterium_granulosum","Faecalibacterium_prausnitzii",0.633501813613012,0.428076036696162,0.571923963303838
"Propionibacterium_granulosum","Ruminococcus_flavefaciens",0.636282321851138,0.426449104905182,0.573550895094818
"Propionibacterium_granulosum","Eubacterium_biforme",0.604437826683643,0.444725855621391,0.555274144378609
"Propionibacterium_granulosum","Sebaldella_termitidis",0.614803444973546,0.43886020269925,0.56113979730075
"Propionibacterium_granulosum","Paracoccus_marcusii",0.669176508570931,0.406708428379022,0.593291571620977
"Propionibacterium_granulosum","Acidovorax_delafieldii",0.610050509199228,0.441559447187336,0.558440552812664
"Propionibacterium_granulosum","Desulfovibrio_cuneatus",0.603555221244269,0.445221730576873,0.554778269423127
"Propionibacterium_granulosum","Acinetobacter_guillouiae",0.632268472745453,0.428795713163359,0.571204286836641
"Propionibacterium_granulosum","Acinetobacter_johnsonii",0.655012518579178,0.415323657778377,0.584676342221623
"Propionibacterium_granulosum","Acinetobacter_lwoffii",0.657280935491637,0.413955954485718,0.586044045514282
"Propionibacterium_granulosum","Acinetobacter_schindleri",0.614200750438929,0.439203397961053,0.560796602038947
"Propionibacterium_granulosum","Enhydrobacter_aerosaccus",0.640920586836603,0.423721260478747,0.576278739521253
"Propionibacterium_granulosum","Moraxella_lincolnii",0.614994678630534,0.438751251490788,0.561248748509212
"Propionibacterium_granulosum","Pseudomonas_alcaligenes",0.624093252159698,0.433535896922217,0.566464103077783
"Tessaracoccus_bendigoensis","Bifidobacterium_adolescentis",0.64889643642417,0.418988999602513,0.581011000397487
"Tessaracoccus_bendigoensis","Bifidobacterium_bifidum",0.669063678043708,0.406777778373089,0.593222221626911
"Tessaracoccus_bendigoensis","Bifidobacterium_longum",0.645210412844216,0.421182613100175,0.578817386899825
"Tessaracoccus_bendigoensis","Streptococcus_minor",0.650198941318885,0.418211106189874,0.581788893810127
"Tessaracoccus_bendigoensis","Blautia_obeum",0.636364964008445,0.426400654309744,0.573599345690256
"Tessaracoccus_bendigoensis","Blautia_producta",0.683996139470494,0.39749456633362,0.60250543366638
"Tessaracoccus_bendigoensis","Dorea_formicigenerans",0.604787849640029,0.444529048747082,0.555470951252918
"Tessaracoccus_bendigoensis","Ruminococcus_gnavus",0.63595586585019,0.426640442380824,0.573359557619176
"Tessaracoccus_bendigoensis","Faecalibacterium_prausnitzii",0.64848575426597,0.419233971508769,0.580766028491231
"Tessaracoccus_bendigoensis","Ruminococcus_bromii",0.636000506717039,0.426614283213162,0.573385716786838
"Tessaracoccus_bendigoensis","Ruminococcus_flavefaciens",0.623446837220953,0.433908494258321,0.566091505741679
"Tessaracoccus_bendigoensis","Eubacterium_biforme",0.667086893855936,0.407990873760716,0.592009126239284
"Tessaracoccus_bendigoensis","Paracoccus_marcusii",0.631127303903175,0.429460531421006,0.570539468578994
"Tessaracoccus_bendigoensis","Acidovorax_delafieldii",0.643772367044436,0.422035326101716,0.577964673898284
"Tessaracoccus_bendigoensis","Acinetobacter_guillouiae",0.615152151383535,0.43866151450547,0.56133848549453
"Tessaracoccus_bendigoensis","Acinetobacter_johnsonii",0.635914262697132,0.426664820030236,0.573335179969764
"Tessaracoccus_bendigoensis","Acinetobacter_lwoffii",0.643777317583704,0.422032393553088,0.577967606446912
"Tessaracoccus_bendigoensis","Enhydrobacter_aerosaccus",0.6110098355395,0.441015965958433,0.558984034041567
"Tessaracoccus_bendigoensis","Pseudomonas_alcaligenes",0.64120885034006,0.423551147832195,0.576448852167805
"Tessaracoccus_bendigoensis","Pseudomonas_fragi",0.606497221090323,0.443566668557094,0.556433331442906
"Actinomadura_namibiensis","Gordonia_kroppenstedtii",0.610770219212929,0.441151777049051,0.558848222950949
"Actinomadura_namibiensis","Clostridium_ruminantium",0.622349217747353,0.434540436698731,0.565459563301269
"Actinomadura_namibiensis","Nostocoida_limicola",0.601815850632755,0.446197349480723,0.553802650519277
"Actinomadura_namibiensis","Roseisalinus_antarcticus",0.631703921967584,0.429124735964041,0.570875264035959
"Actinomadura_namibiensis","Nitrosococcus_mobilis",0.614826903900159,0.438846838942609,0.561153161057391
"Actinomadura_namibiensis","Nitrosomonas_halophila",0.604047463837637,0.444945241665962,0.555054758334038
"Actinomadura_namibiensis","Thiodictyon_syntrophicum",0.607084383507327,0.443235612565525,0.556764387434475
"Actinomadura_namibiensis","Hahella_ganghwensis",0.621564311061823,0.43499177517407,0.56500822482593
"Actinomadura_namibiensis","Azotobacter_armeniacus",0.659695642855825,0.412495064906342,0.587504935093658
"Gordonia_kroppenstedtii","Azotobacter_armeniacus",0.634233053506862,0.42764877323169,0.57235122676831
"Bifidobacterium_adolescentis","Bifidobacterium_bifidum",0.673074183748284,0.40430546388326,0.59569453611674
"Bifidobacterium_adolescentis","Bifidobacterium_longum",0.713824394411937,0.378269484354781,0.621730515645219
"Bifidobacterium_adolescentis","Collinsella_aerofaciens",0.661925787805959,0.411141224030163,0.588858775969837
"Bifidobacterium_adolescentis","Bacillus_muralis",0.601564040524903,0.446338413916558,0.553661586083442
"Bifidobacterium_adolescentis","Streptococcus_minor",0.646923297949993,0.420164671319476,0.579835328680524
"Bifidobacterium_adolescentis","Blautia_obeum",0.670791788149537,0.405714315652321,0.594285684347678
"Bifidobacterium_adolescentis","Blautia_producta",0.70906728841653,0.381400518866631,0.618599481133369
"Bifidobacterium_adolescentis","Dorea_formicigenerans",0.692139440587123,0.392339495471,0.607660504529
"Bifidobacterium_adolescentis","Ruminococcus_gnavus",0.699134980375925,0.387856300467115,0.612143699532885
"Bifidobacterium_adolescentis","Faecalibacterium_prausnitzii",0.667359137707686,0.40782401982492,0.59217598017508
"Bifidobacterium_adolescentis","Ruminococcus_bromii",0.668196588426618,0.407310331058139,0.592689668941861
"Bifidobacterium_adolescentis","Eubacterium_biforme",0.73027560089881,0.367235890880229,0.632764109119772
"Bifidobacterium_adolescentis","Eubacterium_dolichum",0.615896570742771,0.438237053007404,0.561762946992596
"Bifidobacterium_adolescentis","Paracoccus_marcusii",0.637927960429762,0.425483277914796,0.574516722085205
"Bifidobacterium_adolescentis","Acidovorax_delafieldii",0.636456019712845,0.426347264730967,0.573652735269033
"Bifidobacterium_adolescentis","Neisseria_cinerea",0.624606750544291,0.433239685079581,0.566760314920419
"Bifidobacterium_adolescentis","Acinetobacter_johnsonii",0.630926189536029,0.429577589303708,0.570422410696292
"Bifidobacterium_adolescentis","Acinetobacter_lwoffii",0.633821614945431,0.427889229272349,0.572110770727651
"Bifidobacterium_adolescentis","Pseudomonas_fragi",0.612404615672693,0.440224592865566,0.559775407134434
"Bifidobacterium_adolescentis","Pseudomonas_veronii",0.609376006806141,0.441941168705665,0.558058831294335
"Bifidobacterium_adolescentis","Pseudomonas_viridiflava",0.611333617653443,0.440832384442521,0.559167615557479
"Bifidobacterium_bifidum","Bifidobacterium_longum",0.673433231546139,0.404083387714628,0.595916612285372
"Bifidobacterium_bifidum","Collinsella_aerofaciens",0.631598153651702,0.429186350172217,0.570813649827783
"Bifidobacterium_bifidum","Cytophaga_xylanolytica",0.608287391062591,0.442556555107598,0.557443444892402
"Bifidobacterium_bifidum","Bacillus_muralis",0.644509831387941,0.421598249884923,0.578401750115077
"Bifidobacterium_bifidum","Streptococcus_minor",0.691182742126738,0.392948633967127,0.607051366032873
"Bifidobacterium_bifidum","Blautia_obeum",0.644161503549592,0.421804751307052,0.578195248692948
"Bifidobacterium_bifidum","Blautia_producta",0.657377832086423,0.41389743168663,0.58610256831337
"Bifidobacterium_bifidum","Dorea_formicigenerans",0.654967191332336,0.415350941173644,0.584649058826356
"Bifidobacterium_bifidum","Ruminococcus_gnavus",0.63779594308648,0.42556083990043,0.57443916009957
"Bifidobacterium_bifidum","Clostridium_sticklandii",0.673401817320994,0.404102822731422,0.595897177268578
"Bifidobacterium_bifidum","Faecalibacterium_prausnitzii",0.669275699184914,0.406647452232942,0.593352547767058
"Bifidobacterium_bifidum","Ruminococcus_bromii",0.605922325180268,0.443890569183291,0.556109430816709
"Bifidobacterium_bifidum","Eubacterium_biforme",0.690368882188535,0.393466083551979,0.606533916448021
"Bifidobacterium_bifidum","Eubacterium_dolichum",0.604758654108509,0.444545467804752,0.555454532195248
"Bifidobacterium_bifidum","Paracoccus_marcusii",0.633577224801341,0.428031993663242,0.571968006336758
"Bifidobacterium_bifidum","Acidovorax_delafieldii",0.642621993806208,0.422716220527313,0.577283779472687
"Bifidobacterium_bifidum","Acidovorax_wohlfahrtii",0.637993354987793,0.425444852485141,0.574555147514859
"Bifidobacterium_bifidum","Desulfovibrio_cuneatus",0.617825984014403,0.437134999734406,0.562865000265594
"Bifidobacterium_bifidum","Acinetobacter_guillouiae",0.629094406973915,0.430642306924253,0.569357693075747
"Bifidobacterium_bifidum","Acinetobacter_johnsonii",0.650480653022786,0.41804266945924,0.58195733054076
"Bifidobacterium_bifidum","Acinetobacter_lwoffii",0.648796009202309,0.419048917668147,0.580951082331853
"Bifidobacterium_bifidum","Acinetobacter_rhizosphaerae",0.605689935470432,0.444021432213338,0.555978567786662
"Bifidobacterium_bifidum","Enhydrobacter_aerosaccus",0.626179996165269,0.432330894012174,0.567669105987826
"Bifidobacterium_bifidum","Pseudomonas_alcaligenes",0.645573336075262,0.420967138815334,0.579032861184666
"Bifidobacterium_bifidum","Pseudomonas_fragi",0.669704426368627,0.406383792511077,0.593616207488923
"Bifidobacterium_bifidum","Pseudomonas_veronii",0.67515680283698,0.403015630691305,0.596984369308695
"Bifidobacterium_bifidum","Pseudomonas_viridiflava",0.685476906950957,0.396562159723443,0.603437840276557
"Bifidobacterium_longum","Collinsella_aerofaciens",0.679170304247245,0.400518224150134,0.599481775849866
"Bifidobacterium_longum","Prevotella_copri",0.619895386163234,0.435949890375469,0.564050109624531
"Bifidobacterium_longum","Bacillus_muralis",0.613424671887481,0.43964492952411,0.56035507047589
"Bifidobacterium_longum","Streptococcus_minor",0.65960131965917,0.412552227203314,0.587447772796686
"Bifidobacterium_longum","Blautia_obeum",0.669373066011681,0.406587588342487,0.593412411657513
"Bifidobacterium_longum","Blautia_producta",0.710546163926085,0.380429912121743,0.619570087878257
"Bifidobacterium_longum","Dorea_formicigenerans",0.705978338541878,0.383419914361606,0.616580085638394
"Bifidobacterium_longum","Ruminococcus_gnavus",0.705136169732365,0.383968638216479,0.616031361783521
"Bifidobacterium_longum","Faecalibacterium_prausnitzii",0.676989575316951,0.401877110994797,0.598122889005203
"Bifidobacterium_longum","Ruminococcus_bromii",0.671279872452544,0.405413447943859,0.594586552056141
"Bifidobacterium_longum","Eubacterium_biforme",0.731532895520125,0.366378973523232,0.633621026476768
"Bifidobacterium_longum","Eubacterium_cylindroides",0.620129658844772,0.435815523561993,0.564184476438007
"Bifidobacterium_longum","Paracoccus_marcusii",0.639977119598086,0.424277550903836,0.575722449096164
"Bifidobacterium_longum","Acidovorax_delafieldii",0.62536844180114,0.432799929643513,0.567200070356487
"Bifidobacterium_longum","Neisseria_cinerea",0.671667776455298,0.405174174611797,0.594825825388203
"Bifidobacterium_longum","Acinetobacter_johnsonii",0.656080687750299,0.414680185353545,0.585319814646455
"Bifidobacterium_longum","Acinetobacter_lwoffii",0.662739284471861,0.410646268416102,0.589353731583898
"Bifidobacterium_longum","Pseudomonas_fragi",0.620537773227141,0.435581351054461,0.564418648945539
"Bifidobacterium_longum","Pseudomonas_viridiflava",0.601031609915011,0.446636535722834,0.553363464277166
"Collinsella_aerofaciens","Blautia_obeum",0.626614017678395,0.432079843502104,0.567920156497896
"Collinsella_aerofaciens","Blautia_producta",0.632845733449772,0.428459021698825,0.571540978301175
"Collinsella_aerofaciens","Dorea_formicigenerans",0.636963700388201,0.426049468730921,0.573950531269079
"Collinsella_aerofaciens","Ruminococcus_gnavus",0.630726449162072,0.429693815895649,0.570306184104351
"Collinsella_aerofaciens","Faecalibacterium_prausnitzii",0.624476205639746,0.433315009179381,0.566684990820619
"Collinsella_aerofaciens","Eubacterium_biforme",0.682826259078536,0.398229670492709,0.601770329507291
"Collinsella_aerofaciens","Neisseria_cinerea",0.61185519392131,0.44053649456015,0.55946350543985
"Bacteroides_plebeius","Arcobacter_cryaerophilus",0.60510353204309,0.444351475724403,0.555648524275597
"Bacteroides_uniformis","Prevotella_copri",0.710772876759361,0.380280898311129,0.619719101688871
"Bacteroides_uniformis","Prevotella_melaninogenica",0.627381714156297,0.431635428251495,0.568364571748505
"Bacteroides_uniformis","Prevotella_stercorea",0.624629629655308,0.433226482538113,0.566773517461887
"Bacteroides_uniformis","Flavobacterium_gelidilacus",0.618241917870231,0.43689706003232,0.56310293996768
"Bacteroides_uniformis","Streptococcus_minor",0.612990041171259,0.439892008809401,0.560107991190599
"Bacteroides_uniformis","Dorea_formicigenerans",0.615755057136083,0.438317774487824,0.561682225512176
"Bacteroides_uniformis","Faecalibacterium_prausnitzii",0.664996846264589,0.409269565039603,0.590730434960397
"Bacteroides_uniformis","Acidovorax_wohlfahrtii",0.604176334451867,0.444872827641863,0.555127172358137
"Bacteroides_uniformis","Formivibrio_citricus",0.614918602538176,0.43879459742676,0.56120540257324
"Bacteroides_uniformis","Neisseria_cinerea",0.652891233154303,0.416598587879086,0.583401412120914
"Bacteroides_uniformis","Arcobacter_cryaerophilus",0.687234425868623,0.395452635679279,0.604547364320721
"Bacteroides_uniformis","Sulfuricurvum_kujiense",0.617249124292278,0.437464784701421,0.562535215298579
"Bacteroides_uniformis","Aeromonas_hydrophila",0.607505233987241,0.442998174947007,0.557001825052993
"Bacteroides_uniformis","Acinetobacter_guillouiae",0.643231518505898,0.422355585670476,0.577644414329524
"Bacteroides_uniformis","Acinetobacter_johnsonii",0.639828324871219,0.424365217194329,0.575634782805671
"Bacteroides_uniformis","Acinetobacter_lwoffii",0.666181722754273,0.408545148818174,0.591454851181826
"Bacteroides_uniformis","Acinetobacter_rhizosphaerae",0.668080740293505,0.407381430422703,0.592618569577297
"Bacteroides_uniformis","Enhydrobacter_aerosaccus",0.633188096927297,0.428259210684781,0.571740789315219
"Bacteroides_uniformis","Akkermansia_muciniphila",0.607261876783315,0.443135488996698,0.556864511003302
"Cytophaga_xylanolytica","Clostridium_sticklandii",0.61166205611927,0.440646084676087,0.559353915323913
"Cytophaga_xylanolytica","Acidovorax_wohlfahrtii",0.601723445959304,0.446249119909886,0.553750880090114
"Cytophaga_xylanolytica","Pseudomonas_veronii",0.600871582562169,0.446726100333208,0.553273899666792
"Cytophaga_xylanolytica","Pseudomonas_viridiflava",0.626628788394205,0.432071297129186,0.567928702870814
"Prevotella_copri","Prevotella_melaninogenica",0.667914697027279,0.407483314365583,0.592516685634417
"Prevotella_copri","Prevotella_stercorea",0.643884770583138,0.421968736648144,0.578031263351856
"Prevotella_copri","Flavobacterium_gelidilacus",0.662942628523523,0.410522454609049,0.589477545390951
"Prevotella_copri","Flavobacterium_succinicans",0.641274546474767,0.423512369078657,0.576487630921343
"Prevotella_copri","Bacillus_muralis",0.603606630256751,0.44519286255692,0.55480713744308
"Prevotella_copri","Streptococcus_infantis",0.601322135086954,0.446473887765592,0.553526112234408
"Prevotella_copri","Streptococcus_minor",0.646676316190881,0.42031160096357,0.57968839903643
"Prevotella_copri","Blautia_producta",0.609851024722759,0.441672375906192,0.558327624093808
"Prevotella_copri","Dorea_formicigenerans",0.667288357399247,0.407867406518805,0.592132593481195
"Prevotella_copri","Ruminococcus_gnavus",0.642106942144937,0.423020719265063,0.576979280734937
"Prevotella_copri","Faecalibacterium_prausnitzii",0.708869343839784,0.381530245301874,0.618469754698126
"Prevotella_copri","Ruminococcus_bromii",0.640600961952067,0.423909800575508,0.576090199424492
"Prevotella_copri","Succinispira_mobilis",0.604392363818711,0.444751411566781,0.555248588433219
"Prevotella_copri","Veillonella_dispar",0.617430728012627,0.437360990480046,0.562639009519954
"Prevotella_copri","Eubacterium_biforme",0.625453418244117,0.432750841568149,0.567249158431851
"Prevotella_copri","Sebaldella_termitidis",0.605469090577837,0.444145758407171,0.555854241592829
"Prevotella_copri","Streptobacillus_moniliformis",0.617113263991073,0.437542418520152,0.562457581479848
"Prevotella_copri","Paracoccus_marcusii",0.643501488808255,0.422195755066145,0.577804244933855
"Prevotella_copri","Acidovorax_delafieldii",0.636286826740964,0.426446463966484,0.573553536033516
"Prevotella_copri","Acidovorax_wohlfahrtii",0.608767527812768,0.442285242907353,0.557714757092647
"Prevotella_copri","Formivibrio_citricus",0.6313344936999,0.429339903980576,0.570660096019424
"Prevotella_copri","Neisseria_cinerea",0.706618729827547,0.383002134571371,0.616997865428629
"Prevotella_copri","Desulfovibrio_cuneatus",0.603994436433661,0.444975035011145,0.555024964988855
"Prevotella_copri","Arcobacter_cryaerophilus",0.721171805725302,0.373381972164363,0.626618027835637
"Prevotella_copri","Sulfuricurvum_kujiense",0.617637120641635,0.437242998433574,0.562757001566426
"Prevotella_copri","Aeromonas_caviae",0.613643458234456,0.439520501094968,0.560479498905032
"Prevotella_copri","Aeromonas_hydrophila",0.622998662277015,0.434166637204533,0.565833362795467
"Prevotella_copri","Hafnia_alvei",0.610658469446865,0.441215100916285,0.558784899083715
"Prevotella_copri","Acinetobacter_guillouiae",0.674346224083133,0.403518138326437,0.596481861673563
"Prevotella_copri","Acinetobacter_johnsonii",0.68344118879664,0.397843443582623,0.602156556417377
"Prevotella_copri","Acinetobacter_lwoffii",0.707371659156687,0.382510353352241,0.617489646647759
"Prevotella_copri","Acinetobacter_rhizosphaerae",0.69818744841806,0.388466569721218,0.611533430278782
"Prevotella_copri","Acinetobacter_schindleri",0.644409045377397,0.421658009898189,0.578341990101811
"Prevotella_copri","Enhydrobacter_aerosaccus",0.666288291419345,0.408479931318942,0.591520068681058
"Prevotella_copri","Moraxella_lincolnii",0.633607438956332,0.428014346163577,0.571985653836423
"Prevotella_copri","Psychrobacter_celer",0.60269791961384,0.445702860876033,0.554297139123967
"Prevotella_copri","Pseudomonas_alcaligenes",0.625537256988067,0.432702405246339,0.567297594753661
"Prevotella_copri","Akkermansia_muciniphila",0.631967375840131,0.42897122523537,0.57102877476463
"Prevotella_melaninogenica","Prevotella_stercorea",0.661225516976621,0.411566812937693,0.588433187062307
"Prevotella_melaninogenica","Flavobacterium_gelidilacus",0.621369906247821,0.435103489845909,0.564896510154091
"Prevotella_melaninogenica","Streptococcus_infantis",0.623275150540341,0.43400740169936,0.56599259830064
"Prevotella_melaninogenica","Streptococcus_minor",0.626709319679014,0.43202469855379,0.56797530144621
"Prevotella_melaninogenica","Dorea_formicigenerans",0.608976806307636,0.442166933234703,0.557833066765298
"Prevotella_melaninogenica","Ruminococcus_torques",0.641695190914778,0.423263989187139,0.576736010812861
"Prevotella_melaninogenica","Faecalibacterium_prausnitzii",0.639886608128967,0.424330880252093,0.575669119747906
"Prevotella_melaninogenica","Ruminococcus_bromii",0.620970226004963,0.435333075928671,0.564666924071329
"Prevotella_melaninogenica","Succinispira_mobilis",0.655575385697476,0.414984707129386,0.585015292870614
"Prevotella_melaninogenica","Veillonella_dispar",0.623955929150311,0.433615077487908,0.566384922512092
"Prevotella_melaninogenica","Sebaldella_termitidis",0.623165065637422,0.434070808948596,0.565929191051403
"Prevotella_melaninogenica","Streptobacillus_moniliformis",0.619047043110813,0.436436110381111,0.563563889618889
"Prevotella_melaninogenica","Paracoccus_marcusii",0.630925708905281,0.429577869014873,0.570422130985127
"Prevotella_melaninogenica","Acidovorax_delafieldii",0.606141367060638,0.443767187238625,0.556232812761375
"Prevotella_melaninogenica","Chitinilyticum_litopenaei",0.602149873811187,0.446010160304007,0.553989839695993
"Prevotella_melaninogenica","Formivibrio_citricus",0.671935978965432,0.405008654867133,0.594991345132867
"Prevotella_melaninogenica","Neisseria_cinerea",0.601256362745364,0.446510715019604,0.553489284980396
"Prevotella_melaninogenica","Desulfovibrio_cuneatus",0.607397759207166,0.443058822727205,0.556941177272795
"Prevotella_melaninogenica","Arcobacter_cryaerophilus",0.674917793181288,0.403163866696107,0.596836133303893
"Prevotella_melaninogenica","Sulfuricurvum_kujiense",0.632903050215882,0.428425576841602,0.571574423158398
"Prevotella_melaninogenica","Aeromonas_caviae",0.675353277275819,0.402893734577854,0.597106265422146
"Prevotella_melaninogenica","Aeromonas_hydrophila",0.651792416635736,0.417257464501394,0.582742535498606
"Prevotella_melaninogenica","Hafnia_alvei",0.646899351920807,0.420178919080428,0.579821080919572
"Prevotella_melaninogenica","Klebsiella_oxytoca",0.615694950218762,0.43835205587589,0.56164794412411
"Prevotella_melaninogenica","Acinetobacter_guillouiae",0.695898230362296,0.389937026734897,0.610062973265103
"Prevotella_melaninogenica","Acinetobacter_johnsonii",0.683540870244193,0.397780800036783,0.602219199963217
"Prevotella_melaninogenica","Acinetobacter_lwoffii",0.678761506566514,0.400773310883775,0.599226689116225
"Prevotella_melaninogenica","Acinetobacter_rhizosphaerae",0.677500970509485,0.401558855891957,0.598441144108043
"Prevotella_melaninogenica","Acinetobacter_schindleri",0.681835885573109,0.398850921038733,0.601149078961267
"Prevotella_melaninogenica","Enhydrobacter_aerosaccus",0.686405167028666,0.395976535271557,0.604023464728443
"Prevotella_melaninogenica","Moraxella_lincolnii",0.677681564781401,0.401446406895491,0.598553593104509
"Prevotella_melaninogenica","Psychrobacter_celer",0.65473254887006,0.415492148620127,0.584507851379873
"Prevotella_melaninogenica","Pseudomonas_alcaligenes",0.62872665102372,0.430855746727533,0.569144253272467
"Prevotella_stercorea","Bacillus_muralis",0.60146415540352,0.446394357377241,0.553605642622759
"Prevotella_stercorea","Streptococcus_infantis",0.613886556878386,0.439382204419805,0.560617795580195
"Prevotella_stercorea","Streptococcus_minor",0.666402077434527,0.408410285476182,0.591589714523818
"Prevotella_stercorea","Dorea_formicigenerans",0.617261749117378,0.437457569875424,0.562542430124576
"Prevotella_stercorea","Clostridium_sticklandii",0.613563839255493,0.439565786171141,0.560434213828859
"Prevotella_stercorea","Faecalibacterium_prausnitzii",0.642897553763971,0.422553219273045,0.577446780726955
"Prevotella_stercorea","Ruminococcus_bromii",0.61290331970774,0.439941291703938,0.560058708296062
"Prevotella_stercorea","Succinispira_mobilis",0.651297907688022,0.4175536446446,0.5824463553554
"Prevotella_stercorea","Veillonella_dispar",0.625701419168803,0.432607547802391,0.567392452197609
"Prevotella_stercorea","Sebaldella_termitidis",0.63841700127235,0.425195836484584,0.574804163515416
"Prevotella_stercorea","Streptobacillus_moniliformis",0.615109295169274,0.438685938246672,0.561314061753328
"Prevotella_stercorea","Paracoccus_marcusii",0.622953648554799,0.434192556042363,0.565807443957637
"Prevotella_stercorea","Acidovorax_delafieldii",0.637523314772476,0.425720968022204,0.574279031977796
"Prevotella_stercorea","Acidovorax_wohlfahrtii",0.600448772884669,0.446962653426062,0.553037346573938
"Prevotella_stercorea","Formivibrio_citricus",0.651860578034943,0.417216623569254,0.582783376430746
"Prevotella_stercorea","Neisseria_cinerea",0.607196869975544,0.443172161820018,0.556827838179982
"Prevotella_stercorea","Desulfovibrio_cuneatus",0.642718921306514,0.422658892425964,0.577341107574036
"Prevotella_stercorea","Arcobacter_cryaerophilus",0.643312404294351,0.422307705178137,0.577692294821863
"Prevotella_stercorea","Sulfuricurvum_kujiense",0.642259463333841,0.422930571528093,0.577069428471907
"Prevotella_stercorea","Aeromonas_caviae",0.6598268706688,0.412415524278124,0.587584475721876
"Prevotella_stercorea","Aeromonas_hydrophila",0.659372056952597,0.412691133323339,0.587308866676661
"Prevotella_stercorea","Hafnia_alvei",0.631085975374834,0.429484589144457,0.570515410855543
"Prevotella_stercorea","Acinetobacter_guillouiae",0.688143290972326,0.394877644991252,0.605122355008748
"Prevotella_stercorea","Acinetobacter_johnsonii",0.682371781375937,0.398514879662017,0.601485120337983
"Prevotella_stercorea","Acinetobacter_lwoffii",0.668670882702795,0.407019113370125,0.592980886629875
"Prevotella_stercorea","Acinetobacter_rhizosphaerae",0.664766239182422,0.409410405838431,0.590589594161569
"Prevotella_stercorea","Acinetobacter_schindleri",0.668765030513287,0.406961281626835,0.593038718373165
"Prevotella_stercorea","Enhydrobacter_aerosaccus",0.679668270672566,0.400207277124888,0.599792722875112
"Prevotella_stercorea","Moraxella_lincolnii",0.641743017573482,0.423235739527345,0.576764260472655
"Prevotella_stercorea","Pseudomonas_alcaligenes",0.657219728479577,0.413992917524215,0.586007082475785
"Flavobacterium_gelidilacus","Flavobacterium_succinicans",0.695253524374949,0.390350147703988,0.609649852296012
"Flavobacterium_gelidilacus","Dorea_formicigenerans",0.605503145835522,0.444126589028667,0.555873410971333
"Flavobacterium_gelidilacus","Ruminococcus_gnavus",0.600825835665614,0.446751700799441,0.553248299200559
"Flavobacterium_gelidilacus","Ruminococcus_torques",0.617934316794863,0.437073039208058,0.562926960791942
"Flavobacterium_gelidilacus","Faecalibacterium_prausnitzii",0.608206498907141,0.442602248691113,0.557397751308887
"Flavobacterium_gelidilacus","Ruminococcus_bromii",0.612163358779605,0.440361579398337,0.559638420601663
"Flavobacterium_gelidilacus","Neisseria_cinerea",0.650123549149843,0.418256172010741,0.581743827989259
"Flavobacterium_gelidilacus","Arcobacter_cryaerophilus",0.665246864988701,0.409116814009947,0.590883185990053
"Flavobacterium_gelidilacus","Acinetobacter_guillouiae",0.615531887602244,0.438445043533255,0.561554956466745
"Flavobacterium_gelidilacus","Acinetobacter_johnsonii",0.61903725423725,0.436441717622611,0.563558282377389
"Flavobacterium_gelidilacus","Acinetobacter_lwoffii",0.646221127794037,0.420582258426317,0.579417741573683
"Flavobacterium_gelidilacus","Acinetobacter_rhizosphaerae",0.630454344591875,0.429852099801854,0.570147900198146
"Flavobacterium_gelidilacus","Enhydrobacter_aerosaccus",0.608552776772572,0.442406613438038,0.557593386561962
"Flavobacterium_succinicans","Dorea_formicigenerans",0.617538870034508,0.437299171029109,0.562700828970891
"Flavobacterium_succinicans","Ruminococcus_gnavus",0.626092215782585,0.432381650985223,0.567618349014777
"Flavobacterium_succinicans","Faecalibacterium_prausnitzii",0.616989643491386,0.437613046256973,0.562386953743027
"Flavobacterium_succinicans","Ruminococcus_bromii",0.631010647151292,0.429528434942734,0.570471565057266
"Flavobacterium_succinicans","Variovorax_paradoxus",0.640161099828756,0.424169129104915,0.575830870895085
"Flavobacterium_succinicans","Neisseria_cinerea",0.669067267115072,0.406775572573457,0.593224427426543
"Flavobacterium_succinicans","Arcobacter_cryaerophilus",0.627753440782439,0.431420073256658,0.568579926743342
"Flavobacterium_succinicans","Acinetobacter_johnsonii",0.612694916548675,0.440059702455999,0.559940297544001
"Flavobacterium_succinicans","Acinetobacter_lwoffii",0.636362188419561,0.426402281642839,0.573597718357161
"Litorilinea_aerophila","Clostridium_ruminantium",0.6033405898335,0.445342233662214,0.554657766337786
"Litorilinea_aerophila","Roseisalinus_antarcticus",0.606664272944578,0.443472505943391,0.556527494056609
"Litorilinea_aerophila","Nitrosococcus_mobilis",0.603176393878478,0.445434398156183,0.554565601843817
"Litorilinea_aerophila","Nitrosomonas_halophila",0.615553289749072,0.43843283992587,0.56156716007413
"Litorilinea_aerophila","Hahella_ganghwensis",0.607471200724752,0.44301738073988,0.55698261926012
"Bacillus_coahuilensis","Bacillus_muralis",0.622645718101291,0.434369820486362,0.565630179513638
"Bacillus_coahuilensis","Macrococcus_caseolyticus",0.605242916054855,0.444273048892877,0.555726951107123
"Bacillus_coahuilensis","Streptococcus_minor",0.612753501739581,0.440026418673026,0.559973581326974
"Bacillus_coahuilensis","Clostridium_fimetarium",0.606781626122953,0.443406345171699,0.556593654828301
"Bacillus_coahuilensis","Clostridium_sticklandii",0.657854052167116,0.413609687889975,0.586390312110025
"Bacillus_coahuilensis","Streptobacillus_moniliformis",0.624036307088897,0.433568733254085,0.566431266745915
"Bacillus_coahuilensis","Acidovorax_wohlfahrtii",0.616736456250039,0.437757663410911,0.562242336589089
"Bacillus_coahuilensis","Acinetobacter_johnsonii",0.603099031107273,0.445477815885778,0.554522184114222
"Bacillus_coahuilensis","Acinetobacter_rhizosphaerae",0.600300215422737,0.44704573847497,0.55295426152503
"Bacillus_coahuilensis","Streptococcus_equi",0.633544116139815,0.428051330952367,0.571948669047633
"Bacillus_muralis","Streptococcus_infantis",0.617284492051311,0.43744457245958,0.56255542754042
"Bacillus_muralis","Streptococcus_minor",0.67979342685028,0.400129087389132,0.599870912610868
"Bacillus_muralis","Blautia_producta",0.605437501150655,0.44416353905366,0.55583646094634
"Bacillus_muralis","Clostridium_fimetarium",0.618490446718036,0.436754824404931,0.563245175595069
"Bacillus_muralis","Dorea_formicigenerans",0.626566045228473,0.432107599314989,0.567892400685011
"Bacillus_muralis","Ruminococcus_gnavus",0.611271533552492,0.440867591487233,0.559132408512767
"Bacillus_muralis","Clostridium_sticklandii",0.668298835660403,0.407247568648112,0.592752431351888
"Bacillus_muralis","Faecalibacterium_prausnitzii",0.656269540041039,0.414566315538878,0.585433684461122
"Bacillus_muralis","Ruminococcus_bromii",0.604803561059577,0.444520212667784,0.555479787332216
"Bacillus_muralis","Veillonella_dispar",0.601324156743682,0.446472755751299,0.553527244248701
"Bacillus_muralis","Veillonella_parvula",0.622145918870842,0.434657382963385,0.565342617036614
"Bacillus_muralis","Eubacterium_biforme",0.623551384594401,0.433848254235049,0.566151745764951
"Bacillus_muralis","Sebaldella_termitidis",0.651967987287139,0.417152258002315,0.582847741997685
"Bacillus_muralis","Streptobacillus_moniliformis",0.625262182159273,0.432861304484893,0.567138695515107
"Bacillus_muralis","Paracoccus_marcusii",0.641935364460908,0.423122107398734,0.576877892601266
"Bacillus_muralis","Acidovorax_delafieldii",0.606887506740434,0.443346643868862,0.556653356131138
"Bacillus_muralis","Acidovorax_wohlfahrtii",0.648336671768278,0.419322863812434,0.580677136187566
"Bacillus_muralis","Formivibrio_citricus",0.600067597863126,0.447175805549044,0.552824194450956
"Bacillus_muralis","Desulfovibrio_cuneatus",0.639067684164846,0.424813085859625,0.575186914140375
"Bacillus_muralis","Hafnia_alvei",0.608042651883251,0.442694786572391,0.55730521342761
"Bacillus_muralis","Acinetobacter_guillouiae",0.659880280064729,0.412383147046088,0.587616852953912
"Bacillus_muralis","Acinetobacter_johnsonii",0.659135577882886,0.412834362739534,0.587165637260467
"Bacillus_muralis","Acinetobacter_lwoffii",0.650238257133874,0.418187603155645,0.581812396844355
"Bacillus_muralis","Acinetobacter_rhizosphaerae",0.640197264818983,0.424147813374664,0.575852186625336
"Bacillus_muralis","Acinetobacter_schindleri",0.640947937851954,0.42370512278473,0.57629487721527
"Bacillus_muralis","Enhydrobacter_aerosaccus",0.661256235652441,0.411548152922327,0.588451847077673
"Bacillus_muralis","Psychrobacter_celer",0.614834615666303,0.438842445721524,0.561157554278476
"Bacillus_muralis","Pseudomonas_fragi",0.612129011094931,0.44038107867225,0.55961892132775
"Brevibacillus_laterosporus","Streptococcus_minor",0.610099892206359,0.44153148686908,0.55846851313092
"Brevibacillus_laterosporus","Ruminococcus_torques",0.631901023387219,0.429009893016922,0.570990106983078
"Brevibacillus_laterosporus","Veillonella_dispar",0.642979779243279,0.422504568470402,0.577495431529598
"Brevibacillus_laterosporus","Veillonella_parvula",0.647852363655132,0.419611508627247,0.580388491372753
"Brevibacillus_laterosporus","Aeromonas_caviae",0.634216046468162,0.427658715292836,0.572341284707164
"Brevibacillus_laterosporus","Enhydrobacter_aerosaccus",0.617475830033993,0.437335208945042,0.562664791054958
"Brevibacillus_laterosporus","Psychrobacter_celer",0.615954080217823,0.438204244492324,0.561795755507676
"Macrococcus_caseolyticus","Acinetobacter_guillouiae",0.601779354185338,0.446217797613824,0.553782202386176
"Macrococcus_caseolyticus","Acinetobacter_johnsonii",0.60517805524031,0.444309545677161,0.555690454322839
"Streptococcus_infantis","Streptococcus_minor",0.670925927256627,0.40563165109701,0.59436834890299
"Streptococcus_infantis","Clostridium_fimetarium",0.640823399179866,0.423778598338881,0.576221401661119
"Streptococcus_infantis","Clostridium_sticklandii",0.638143441943177,0.425356649211472,0.574643350788528
"Streptococcus_infantis","Faecalibacterium_prausnitzii",0.612849815107516,0.439971695051218,0.560028304948782
"Streptococcus_infantis","Succinispira_mobilis",0.656834315083796,0.414225593678254,0.585774406321746
"Streptococcus_infantis","Veillonella_dispar",0.623963284740103,0.433610836614987,0.566389163385013
"Streptococcus_infantis","Veillonella_parvula",0.614956202944356,0.438773174348457,0.561226825651543
"Streptococcus_infantis","Sebaldella_termitidis",0.636753346054454,0.426172883901326,0.573827116098674
"Streptococcus_infantis","Streptobacillus_moniliformis",0.675150303397253,0.403019662425263,0.596980337574736
"Streptococcus_infantis","Paracoccus_marcusii",0.62624444013698,0.432293626984611,0.567706373015389
"Streptococcus_infantis","Formivibrio_citricus",0.63950968918595,0.424552888821905,0.575447111178095
"Streptococcus_infantis","Aeromonas_caviae",0.638373550620174,0.42522138315225,0.57477861684775
"Streptococcus_infantis","Aeromonas_hydrophila",0.628335821778659,0.431082462077351,0.568917537922649
"Streptococcus_infantis","Hafnia_alvei",0.645242507758996,0.421163562194668,0.578836437805332
"Streptococcus_infantis","Klebsiella_oxytoca",0.630311625598416,0.429935096498055,0.570064903501945
"Streptococcus_infantis","Acinetobacter_guillouiae",0.688169236756518,0.394861218178921,0.605138781821079
"Streptococcus_infantis","Acinetobacter_johnsonii",0.661203725234126,0.411580049787325,0.588419950212675
"Streptococcus_infantis","Acinetobacter_lwoffii",0.647514806865528,0.419812573140962,0.580187426859038
"Streptococcus_infantis","Acinetobacter_rhizosphaerae",0.647677033556119,0.419715955405487,0.580284044594513
"Streptococcus_infantis","Acinetobacter_schindleri",0.671266795694589,0.405421511704431,0.594578488295569
"Streptococcus_infantis","Enhydrobacter_aerosaccus",0.686263218186947,0.396066144610375,0.603933855389625
"Streptococcus_infantis","Moraxella_lincolnii",0.655001156422932,0.415330497060514,0.584669502939486
"Streptococcus_infantis","Psychrobacter_celer",0.65438931372913,0.415698620559938,0.584301379440062
"Streptococcus_infantis","Psychrobacter_lutiphocae",0.630332608255702,0.429922895263964,0.570077104736036
"Streptococcus_infantis","Streptococcus_equi",0.628405914301445,0.431041811022176,0.568958188977824
"Streptococcus_luteciae","Streptococcus_minor",0.627147900127488,0.431770830344357,0.568229169655643
"Streptococcus_luteciae","Moraxella_lincolnii",0.60677198358694,0.443411781763329,0.556588218236671
"Streptococcus_minor","Clostridium_intestinale",0.600628395532994,0.446862173643623,0.553137826356377
"Streptococcus_minor","Blautia_obeum",0.610876347257708,0.44109163035717,0.55890836964283
"Streptococcus_minor","Blautia_producta",0.646489736289848,0.420422563446678,0.579577436553322
"Streptococcus_minor","Dorea_formicigenerans",0.68782102036116,0.395081624249243,0.604918375750757
"Streptococcus_minor","Ruminococcus_gnavus",0.656878704873149,0.414198801982122,0.585801198017878
"Streptococcus_minor","Clostridium_sticklandii",0.698432686522942,0.388308713189041,0.611691286810959
"Streptococcus_minor","Faecalibacterium_prausnitzii",0.696045800221018,0.389842403914057,0.610157596085943
"Streptococcus_minor","Ruminococcus_bromii",0.653116569949689,0.416463341754296,0.583536658245704
"Streptococcus_minor","Succinispira_mobilis",0.654140478220167,0.415848242619728,0.584151757380271
"Streptococcus_minor","Veillonella_dispar",0.679011075390839,0.40061760109184,0.59938239890816
"Streptococcus_minor","Veillonella_parvula",0.672530530163925,0.404641489368104,0.595358510631896
"Streptococcus_minor","Eubacterium_biforme",0.68539942587741,0.396611002193957,0.603388997806043
"Streptococcus_minor","Eubacterium_dolichum",0.624852561343967,0.433097817274593,0.566902182725407
"Streptococcus_minor","Sebaldella_termitidis",0.644479284288065,0.421616363363624,0.578383636636376
"Streptococcus_minor","Streptobacillus_moniliformis",0.642056295537261,0.423050649723375,0.576949350276625
"Streptococcus_minor","Paracoccus_marcusii",0.670413954106801,0.405947069143995,0.594052930856005
"Streptococcus_minor","Acidovorax_delafieldii",0.643275649812193,0.422329462734846,0.577670537265154
"Streptococcus_minor","Acidovorax_wohlfahrtii",0.659956951329483,0.412336663826124,0.587663336173876
"Streptococcus_minor","Formivibrio_citricus",0.641361046967857,0.423461304626611,0.576538695373389
"Streptococcus_minor","Neisseria_cinerea",0.639231449634817,0.424716699910177,0.575283300089823
"Streptococcus_minor","Desulfovibrio_cuneatus",0.660804817652209,0.41182228105567,0.58817771894433
"Streptococcus_minor","Arcobacter_cryaerophilus",0.616390539722847,0.437955169096765,0.562044830903235
"Streptococcus_minor","Sulfuricurvum_kujiense",0.60447084420418,0.444707294630873,0.555292705369127
"Streptococcus_minor","Aeromonas_caviae",0.657893121211716,0.413586072534052,0.586413927465948
"Streptococcus_minor","Aeromonas_hydrophila",0.642099984076779,0.423024831377084,0.576975168622916
"Streptococcus_minor","Hafnia_alvei",0.666592504506463,0.408293702800776,0.591706297199224
"Streptococcus_minor","Klebsiella_oxytoca",0.619359037834514,0.4362573564798,0.5637426435202
"Streptococcus_minor","Acinetobacter_guillouiae",0.700913456826934,0.386708251252198,0.613291748747802
"Streptococcus_minor","Acinetobacter_johnsonii",0.708696326304135,0.381643599249264,0.618356400750736
"Streptococcus_minor","Acinetobacter_lwoffii",0.699247585212633,0.387783712130465,0.612216287869535
"Streptococcus_minor","Acinetobacter_rhizosphaerae",0.675681424741212,0.402690063981462,0.597309936018538
"Streptococcus_minor","Acinetobacter_schindleri",0.676033874766523,0.402471194766456,0.597528805233544
"Streptococcus_minor","Enhydrobacter_aerosaccus",0.709506850519645,0.381112286262432,0.618887713737568
"Streptococcus_minor","Moraxella_lincolnii",0.668175853228033,0.407323057763716,0.592676942236284
"Streptococcus_minor","Psychrobacter_celer",0.637014093405704,0.426019897771393,0.573980102228607
"Streptococcus_minor","Pseudomonas_alcaligenes",0.67048266756001,0.40590475018161,0.59409524981839
"Streptococcus_minor","Pseudomonas_fragi",0.648159317573076,0.419428588931968,0.580571411068032
"Streptococcus_minor","Pseudomonas_veronii",0.621526553696634,0.435013474678294,0.564986525321706
"Streptococcus_minor","Pseudomonas_viridiflava",0.647813013175116,0.419634952562869,0.58036504743713
"Streptococcus_minor","Psychrobacter_lutiphocae",0.60945660078999,0.441895575453076,0.558104424546924
"Streptococcus_minor","Streptococcus_equi",0.651247269693316,0.417583961800908,0.582416038199092
"Clostridium_intestinale","Acinetobacter_guillouiae",0.604550062548201,0.444662758420243,0.555337241579757
"Clostridium_intestinale","Enhydrobacter_aerosaccus",0.607956908737102,0.442743205065249,0.557256794934751
"Clostridium_perfringens","Pseudomonas_alcaligenes",0.61571236689454,0.438342122722343,0.561657877277657
"Blautia_obeum","Blautia_producta",0.670663800770538,0.405793173445206,0.594206826554794
"Blautia_obeum","Dorea_formicigenerans",0.661414938228396,0.411451735791456,0.588548264208544
"Blautia_obeum","Ruminococcus_gnavus",0.664217657189857,0.409745251839568,0.590254748160432
"Blautia_obeum","Faecalibacterium_prausnitzii",0.62073041445978,0.435470771430311,0.564529228569689
"Blautia_obeum","Ruminococcus_bromii",0.633738273754053,0.427937919706788,0.572062080293212
"Blautia_obeum","Eubacterium_biforme",0.678599614679124,0.400874285356941,0.599125714643059
"Blautia_obeum","Eubacterium_cylindroides",0.610485185408287,0.441313275685036,0.558686724314964
"Blautia_obeum","Acinetobacter_lwoffii",0.601434325868304,0.446411062884701,0.553588937115299
"Blautia_producta","Dorea_formicigenerans",0.691707612401925,0.392614561369083,0.607385438630917
"Blautia_producta","Ruminococcus_gnavus",0.719177472814864,0.374714909754827,0.625285090245173
"Blautia_producta","Faecalibacterium_prausnitzii",0.665559540827861,0.408925701791987,0.591074298208013
"Blautia_producta","Ruminococcus_bromii",0.685119640548214,0.396787323040811,0.603212676959189
"Blautia_producta","Eubacterium_biforme",0.725566120141975,0.370428049598046,0.629571950401954
"Blautia_producta","Paracoccus_aminovorans",0.605212066698415,0.444290408011238,0.555709591988762
"Blautia_producta","Paracoccus_marcusii",0.649446735024336,0.418660521768929,0.581339478231071
"Blautia_producta","Acidovorax_delafieldii",0.643692414958629,0.422082684459675,0.577917315540325
"Blautia_producta","Neisseria_cinerea",0.645815774192385,0.420823137319952,0.579176862680048
"Blautia_producta","Acinetobacter_guillouiae",0.609824776133834,0.441687233156091,0.558312766843909
"Blautia_producta","Acinetobacter_johnsonii",0.655056091369141,0.415297428736839,0.584702571263161
"Blautia_producta","Acinetobacter_lwoffii",0.673903453720749,0.403792363894645,0.596207636105355
"Blautia_producta","Enhydrobacter_aerosaccus",0.616489351556756,0.437898760242161,0.562101239757839
"Blautia_producta","Pseudomonas_alcaligenes",0.611466627986041,0.440756946634967,0.559243053365033
"Blautia_producta","Pseudomonas_fragi",0.601259754994905,0.446508815705297,0.553491184294703
"Clostridium_fimetarium","Clostridium_sticklandii",0.607352269269117,0.443084490098042,0.556915509901958
"Clostridium_fimetarium","Succinispira_mobilis",0.625685981663619,0.432616468905416,0.567383531094584
"Clostridium_fimetarium","Sebaldella_termitidis",0.643920368155618,0.421947645949341,0.578052354050659
"Clostridium_fimetarium","Streptobacillus_moniliformis",0.691297690785898,0.392875495045251,0.607124504954749
"Clostridium_fimetarium","Formivibrio_citricus",0.620492382162226,0.435607402277426,0.564392597722574
"Clostridium_fimetarium","Aeromonas_caviae",0.617236392722408,0.437472060409343,0.562527939590657
"Clostridium_fimetarium","Hafnia_alvei",0.608227390010738,0.442590448377087,0.557409551622913
"Clostridium_fimetarium","Acinetobacter_guillouiae",0.649177781333148,0.418821094661463,0.581178905338537
"Clostridium_fimetarium","Acinetobacter_johnsonii",0.626880225978492,0.431925788777139,0.568074211222861
"Clostridium_fimetarium","Acinetobacter_lwoffii",0.607165530658028,0.443189840441978,0.556810159558022
"Clostridium_fimetarium","Acinetobacter_rhizosphaerae",0.619568771572431,0.436137150692055,0.563862849307945
"Clostridium_fimetarium","Acinetobacter_schindleri",0.636407847546513,0.42637551081968,0.57362448918032
"Clostridium_fimetarium","Enhydrobacter_aerosaccus",0.651109588853515,0.417666380707429,0.582333619292571
"Clostridium_fimetarium","Psychrobacter_celer",0.623795700671901,0.433707447093141,0.566292552906859
"Clostridium_fimetarium","Psychrobacter_lutiphocae",0.608197885312877,0.442607113977579,0.557392886022421
"Dorea_formicigenerans","Ruminococcus_gnavus",0.728863085938593,0.368196220826211,0.631803779173789
"Dorea_formicigenerans","Ruminococcus_torques",0.619948910808142,0.435919195030374,0.564080804969626
"Dorea_formicigenerans","Clostridium_sticklandii",0.61273238673705,0.440038414949735,0.559961585050265
"Dorea_formicigenerans","Faecalibacterium_prausnitzii",0.694060578201113,0.391113424596297,0.608886575403703
"Dorea_formicigenerans","Ruminococcus_bromii",0.692669809517415,0.392001396988955,0.607998603011045
"Dorea_formicigenerans","Veillonella_dispar",0.646754411899901,0.420265147317797,0.579734852682203
"Dorea_formicigenerans","Veillonella_parvula",0.613806190228055,0.43942792911463,0.56057207088537
"Dorea_formicigenerans","Coprobacillus_cateniformis",0.622834408709941,0.434261206700564,0.565738793299436
"Dorea_formicigenerans","Eubacterium_biforme",0.714696679975495,0.377692546937654,0.622307453062346
"Dorea_formicigenerans","Eubacterium_dolichum",0.616077778337594,0.438133667767273,0.561866332232727
"Dorea_formicigenerans","Paracoccus_marcusii",0.655889994375258,0.414795133544707,0.585204866455293
"Dorea_formicigenerans","Acidovorax_delafieldii",0.620966423585061,0.435335259550004,0.564664740449996
"Dorea_formicigenerans","Neisseria_cinerea",0.66475249348633,0.409418799344675,0.590581200655325
"Dorea_formicigenerans","Arcobacter_cryaerophilus",0.610360713672619,0.441383782171129,0.558616217828871
"Dorea_formicigenerans","Acinetobacter_guillouiae",0.65714901047193,0.414035620163332,0.585964379836668
"Dorea_formicigenerans","Acinetobacter_johnsonii",0.693543594313237,0.39144374160712,0.60855625839288
"Dorea_formicigenerans","Acinetobacter_lwoffii",0.695532591915825,0.390171377784286,0.609828622215714
"Dorea_formicigenerans","Acinetobacter_rhizosphaerae",0.659181845226969,0.412806343684924,0.587193656315076
"Dorea_formicigenerans","Acinetobacter_schindleri",0.618611016656698,0.436685804293717,0.563314195706283
"Dorea_formicigenerans","Enhydrobacter_aerosaccus",0.653418331797757,0.416282156837309,0.583717843162691
"Dorea_formicigenerans","Moraxella_lincolnii",0.617032784445797,0.437588399957199,0.562411600042801
"Ruminococcus_gnavus","Ruminococcus_torques",0.613340436046471,0.439692826842518,0.560307173157482
"Ruminococcus_gnavus","Faecalibacterium_prausnitzii",0.693542141826028,0.391444669253505,0.608555330746495
"Ruminococcus_gnavus","Ruminococcus_bromii",0.687799529613812,0.395095222943905,0.604904777056095
"Ruminococcus_gnavus","Veillonella_dispar",0.617639173191623,0.437241824856896,0.562758175143104
"Ruminococcus_gnavus","Eubacterium_biforme",0.723981148576923,0.371496198784777,0.628503801215223
"Ruminococcus_gnavus","Eubacterium_dolichum",0.603339684156724,0.445342742078096,0.554657257921904
"Ruminococcus_gnavus","Paracoccus_aminovorans",0.611542254490278,0.440714048737797,0.559285951262203
"Ruminococcus_gnavus","Paracoccus_marcusii",0.670229507842193,0.406060643351339,0.593939356648661
"Ruminococcus_gnavus","Acidovorax_delafieldii",0.628164415354047,0.431181855280317,0.568818144719683
"Ruminococcus_gnavus","Neisseria_cinerea",0.666411078593378,0.408404775563792,0.591595224436208
"Ruminococcus_gnavus","Acinetobacter_guillouiae",0.638630141390292,0.425070499217311,0.574929500782689
"Ruminococcus_gnavus","Acinetobacter_johnsonii",0.682141187055352,0.398659511955157,0.601340488044843
"Ruminococcus_gnavus","Acinetobacter_lwoffii",0.693628481496109,0.391389523687011,0.608610476312989
"Ruminococcus_gnavus","Acinetobacter_rhizosphaerae",0.629765817498399,0.430252357635377,0.569747642364623
"Ruminococcus_gnavus","Acinetobacter_schindleri",0.614877259637925,0.438818151608428,0.561181848391572
"Ruminococcus_gnavus","Enhydrobacter_aerosaccus",0.638642993049855,0.42506294060418,0.57493705939582
"Ruminococcus_gnavus","Moraxella_lincolnii",0.601673594567656,0.446277047041602,0.553722952958398
"Ruminococcus_torques","Ruminococcus_bromii",0.632154759848273,0.42886200586653,0.57113799413347
"Ruminococcus_torques","Veillonella_dispar",0.601480429125369,0.446385243301473,0.553614756698527
"Ruminococcus_torques","Paracoccus_marcusii",0.609299012493725,0.441984721176126,0.558015278823874
"Ruminococcus_torques","Aeromonas_hydrophila",0.612376269067923,0.44024069037975,0.55975930962025
"Ruminococcus_torques","Acinetobacter_guillouiae",0.617182563327511,0.437502820946613,0.562497179053387
"Ruminococcus_torques","Acinetobacter_johnsonii",0.621181763581555,0.435211578670906,0.564788421329094
"Ruminococcus_torques","Acinetobacter_lwoffii",0.626630803098628,0.432070131403093,0.567929868596907
"Ruminococcus_torques","Enhydrobacter_aerosaccus",0.610999723341765,0.441021698252044,0.558978301747956
"Clostridium_ruminantium","Roseisalinus_antarcticus",0.630491319228542,0.429830594985663,0.570169405014337
"Clostridium_ruminantium","Nitrosococcus_mobilis",0.611699777736651,0.440624682844339,0.559375317155661
"Clostridium_ruminantium","Nitrosomonas_halophila",0.604349959726873,0.444775246766908,0.555224753233093
"Clostridium_ruminantium","Thiodictyon_syntrophicum",0.605289064679428,0.444247079518016,0.555752920481984
"Clostridium_ruminantium","Hahella_ganghwensis",0.623902092208367,0.433646115969942,0.566353884030058
"Clostridium_sticklandii","Faecalibacterium_prausnitzii",0.64252771403834,0.422771975160168,0.577228024839832
"Clostridium_sticklandii","Succinispira_mobilis",0.61214814463842,0.440370216614146,0.559629783385854
"Clostridium_sticklandii","Veillonella_dispar",0.60750919541661,0.442995939362535,0.557004060637465
"Clostridium_sticklandii","Veillonella_parvula",0.612167617484682,0.440359161659729,0.559640838340271
"Clostridium_sticklandii","Eubacterium_biforme",0.607543026232667,0.442976846893454,0.557023153106546
"Clostridium_sticklandii","Sebaldella_termitidis",0.621406602903305,0.435082404319397,0.564917595680603
"Clostridium_sticklandii","Streptobacillus_moniliformis",0.643300688979939,0.422314640416397,0.577685359583603
"Clostridium_sticklandii","Paracoccus_marcusii",0.615094931307947,0.438694123901867,0.561305876098133
"Clostridium_sticklandii","Acidovorax_wohlfahrtii",0.702579424112867,0.385629729071251,0.614370270928749
"Clostridium_sticklandii","Formivibrio_citricus",0.620941409309913,0.435349624261976,0.564650375738024
"Clostridium_sticklandii","Desulfovibrio_cuneatus",0.634964374906246,0.427221034766404,0.572778965233596
"Clostridium_sticklandii","Aeromonas_caviae",0.605680329096178,0.444026840913825,0.555973159086175
"Clostridium_sticklandii","Hafnia_alvei",0.63807624422047,0.425396142307103,0.574603857692897
"Clostridium_sticklandii","Hahella_chejuensis",0.603107773698113,0.44547290955898,0.55452709044102
"Clostridium_sticklandii","Haemophilus_parainfluenzae",0.601923870732356,0.446136822772815,0.553863177227185
"Clostridium_sticklandii","Acinetobacter_guillouiae",0.655921703573648,0.414776021743273,0.585223978256727
"Clostridium_sticklandii","Acinetobacter_johnsonii",0.647974170058032,0.419538931412788,0.580461068587212
"Clostridium_sticklandii","Acinetobacter_lwoffii",0.628977831095735,0.430709977191303,0.569290022808697
"Clostridium_sticklandii","Acinetobacter_rhizosphaerae",0.63782920541409,0.425541299162555,0.574458700837445
"Clostridium_sticklandii","Acinetobacter_schindleri",0.620774809110182,0.435445284099976,0.564554715900024
"Clostridium_sticklandii","Enhydrobacter_aerosaccus",0.663025020602601,0.410472276406945,0.589527723593055
"Clostridium_sticklandii","Psychrobacter_celer",0.61002261127759,0.441575242015678,0.558424757984322
"Clostridium_sticklandii","Pseudomonas_alcaligenes",0.615605436880667,0.438403103957609,0.561596896042391
"Clostridium_sticklandii","Pseudomonas_fragi",0.638551323970614,0.42511685218854,0.57488314781146
"Clostridium_sticklandii","Pseudomonas_veronii",0.633828757517342,0.427885056108915,0.572114943891085
"Clostridium_sticklandii","Pseudomonas_viridiflava",0.662534291602607,0.410771048393988,0.589228951606012
"Clostridium_sticklandii","Psychrobacter_lutiphocae",0.601071368927066,0.446614280488731,0.553385719511269
"Clostridium_sticklandii","Streptococcus_equi",0.671096064917535,0.405526777834994,0.594473222165006
"Faecalibacterium_prausnitzii","Ruminococcus_bromii",0.686659609539737,0.395815860255917,0.604184139744083
"Faecalibacterium_prausnitzii","Succinispira_mobilis",0.608186318606831,0.442613647210052,0.557386352789948
"Faecalibacterium_prausnitzii","Veillonella_dispar",0.638142539162524,0.425357179813317,0.574642820186683
"Faecalibacterium_prausnitzii","Veillonella_parvula",0.620305376224027,0.435714713875934,0.564285286124066
"Faecalibacterium_prausnitzii","Eubacterium_biforme",0.696981663793011,0.389241786173446,0.610758213826554
"Faecalibacterium_prausnitzii","Eubacterium_dolichum",0.600152601524692,0.447128280516514,0.552871719483486
"Faecalibacterium_prausnitzii","Sebaldella_termitidis",0.628271480448722,0.431119774280465,0.568880225719535
"Faecalibacterium_prausnitzii","Streptobacillus_moniliformis",0.611395002406485,0.440797571223751,0.559202428776249
"Faecalibacterium_prausnitzii","Paracoccus_marcusii",0.68843583779826,0.394692387943915,0.605307612056085
"Faecalibacterium_prausnitzii","Acidovorax_delafieldii",0.686032984844194,0.396211443017365,0.603788556982635
"Faecalibacterium_prausnitzii","Acidovorax_wohlfahrtii",0.638504148136876,0.425144594145994,0.574855405854006
"Faecalibacterium_prausnitzii","Formivibrio_citricus",0.6183775384325,0.436819448724241,0.563180551275759
"Faecalibacterium_prausnitzii","Neisseria_cinerea",0.71340684361272,0.378545344963639,0.621454655036361
"Faecalibacterium_prausnitzii","Desulfovibrio_cuneatus",0.62516690033618,0.432916331214139,0.567083668785861
"Faecalibacterium_prausnitzii","Arcobacter_cryaerophilus",0.673228815000295,0.404209837213115,0.595790162786885
"Faecalibacterium_prausnitzii","Sulfuricurvum_kujiense",0.601631224357366,0.446300781784345,0.553699218215655
"Faecalibacterium_prausnitzii","Aeromonas_caviae",0.614425753237531,0.439075304909345,0.560924695090655
"Faecalibacterium_prausnitzii","Aeromonas_hydrophila",0.620472445109316,0.435618844226627,0.564381155773373
"Faecalibacterium_prausnitzii","Hafnia_alvei",0.611111170932908,0.440958517928326,0.559041482071674
"Faecalibacterium_prausnitzii","Acinetobacter_guillouiae",0.686176166834922,0.396121088283039,0.603878911716961
"Faecalibacterium_prausnitzii","Acinetobacter_johnsonii",0.711514340723044,0.379793140589029,0.620206859410971
"Faecalibacterium_prausnitzii","Acinetobacter_lwoffii",0.727555182517596,0.369083200296629,0.630916799703371
"Faecalibacterium_prausnitzii","Acinetobacter_rhizosphaerae",0.684762812428968,0.397012082669427,0.602987917330573
"Faecalibacterium_prausnitzii","Acinetobacter_schindleri",0.65068372164473,0.417921211686647,0.582078788313353
"Faecalibacterium_prausnitzii","Enhydrobacter_aerosaccus",0.687240017147036,0.395449100930173,0.604550899069827
"Faecalibacterium_prausnitzii","Moraxella_lincolnii",0.639984235014454,0.42427335821705,0.575726641782951
"Faecalibacterium_prausnitzii","Psychrobacter_celer",0.601515158274754,0.446365792666309,0.553634207333691
"Faecalibacterium_prausnitzii","Pseudomonas_alcaligenes",0.657240588739167,0.413980320341941,0.586019679658059
"Faecalibacterium_prausnitzii","Pseudomonas_fragi",0.618756607381644,0.436602446522209,0.563397553477791
"Faecalibacterium_prausnitzii","Pseudomonas_veronii",0.603512892276147,0.445245498418486,0.554754501581514
"Ruminococcus_bromii","Veillonella_dispar",0.617928869769083,0.437076154823686,0.562923845176314
"Ruminococcus_bromii","Veillonella_parvula",0.611812361556312,0.440560800823046,0.559439199176954
"Ruminococcus_bromii","Coprobacillus_cateniformis",0.609276160044672,0.441997647027293,0.558002352972707
"Ruminococcus_bromii","Eubacterium_biforme",0.685312574099008,0.396665744614399,0.6033342553856
"Ruminococcus_bromii","Sebaldella_termitidis",0.603779332284321,0.445095870412026,0.554904129587974
"Ruminococcus_bromii","Paracoccus_marcusii",0.635284817939371,0.427033477645857,0.572966522354143
"Ruminococcus_bromii","Acidovorax_delafieldii",0.642489807897823,0.422794389805599,0.577205610194401
"Ruminococcus_bromii","Neisseria_cinerea",0.656720773856478,0.414294114213274,0.585705885786726
"Ruminococcus_bromii","Aeromonas_caviae",0.608956369141127,0.442178488202939,0.557821511797062
"Ruminococcus_bromii","Acinetobacter_guillouiae",0.64468539239804,0.421494132581914,0.578505867418086
"Ruminococcus_bromii","Acinetobacter_johnsonii",0.669460159795777,0.406534033141275,0.593465966858725
"Ruminococcus_bromii","Acinetobacter_lwoffii",0.678077071020098,0.401200030520875,0.598799969479125
"Ruminococcus_bromii","Acinetobacter_rhizosphaerae",0.610126348882818,0.441516506552803,0.558483493447197
"Ruminococcus_bromii","Acinetobacter_schindleri",0.613807733832123,0.439427050924199,0.560572949075801
"Ruminococcus_bromii","Enhydrobacter_aerosaccus",0.645708698054502,0.420886743641028,0.579113256358972
"Ruminococcus_bromii","Moraxella_lincolnii",0.612141575885989,0.44037394570638,0.55962605429362
"Ruminococcus_flavefaciens","Acinetobacter_lwoffii",0.605528622766542,0.444112247767081,0.555887752232919
"Succinispira_mobilis","Veillonella_dispar",0.645243122059026,0.421163197549937,0.578836802450063
"Succinispira_mobilis","Veillonella_parvula",0.625456784945379,0.432748896621713,0.567251103378287
"Succinispira_mobilis","Sebaldella_termitidis",0.624811182426328,0.43312170205017,0.56687829794983
"Succinispira_mobilis","Streptobacillus_moniliformis",0.628058192088506,0.431243439319078,0.568756560680922
"Succinispira_mobilis","Paracoccus_marcusii",0.616799276500512,0.437721785783783,0.562278214216217
"Succinispira_mobilis","Formivibrio_citricus",0.630230799361567,0.429982093021577,0.570017906978423
"Succinispira_mobilis","Arcobacter_cryaerophilus",0.608892292477939,0.442214714546034,0.557785285453966
"Succinispira_mobilis","Aeromonas_caviae",0.687701663561323,0.395157143702779,0.604842856297221
"Succinispira_mobilis","Aeromonas_hydrophila",0.608338869833089,0.442527473817678,0.557472526182322
"Succinispira_mobilis","Hafnia_alvei",0.652413567322808,0.416885135665205,0.583114864334795
"Succinispira_mobilis","Klebsiella_oxytoca",0.64071000349952,0.423845488651513,0.576154511348487
"Succinispira_mobilis","Acinetobacter_guillouiae",0.675406807372724,0.402860517193778,0.597139482806222
"Succinispira_mobilis","Acinetobacter_johnsonii",0.659716340448732,0.412482520569822,0.587517479430178
"Succinispira_mobilis","Acinetobacter_lwoffii",0.646617151020864,0.420346790744937,0.579653209255063
"Succinispira_mobilis","Acinetobacter_rhizosphaerae",0.651717435121271,0.417302387291715,0.582697612708285
"Succinispira_mobilis","Acinetobacter_schindleri",0.657705150808987,0.413699679230606,0.586300320769394
"Succinispira_mobilis","Enhydrobacter_aerosaccus",0.693112417939158,0.391719020511413,0.608280979488587
"Succinispira_mobilis","Moraxella_lincolnii",0.632865632785836,0.428447410550096,0.571552589449904
"Succinispira_mobilis","Psychrobacter_celer",0.611213707444484,0.440900381353609,0.559099618646391
"Succinispira_mobilis","Pseudomonas_alcaligenes",0.623432262306183,0.433916891635839,0.566083108364161
"Succinispira_mobilis","Streptococcus_equi",0.62332359207301,0.433979497169503,0.566020502830497
"Veillonella_dispar","Veillonella_parvula",0.683579936778092,0.397756246476349,0.602243753523651
"Veillonella_dispar","Eubacterium_biforme",0.626303669833233,0.432259372464477,0.567740627535523
"Veillonella_dispar","Paracoccus_marcusii",0.612327597726452,0.440268328564268,0.559731671435732
"Veillonella_dispar","Neisseria_cinerea",0.603499181492548,0.445253196792259,0.554746803207741
"Veillonella_dispar","Aeromonas_caviae",0.643339950662221,0.422291397815406,0.577708602184594
"Veillonella_dispar","Aeromonas_hydrophila",0.604080201626092,0.444926847006285,0.555073152993715
"Veillonella_dispar","Hafnia_alvei",0.606335387929672,0.443657870475847,0.556342129524153
"Veillonella_dispar","Acinetobacter_guillouiae",0.651772106457903,0.417269633176258,0.582730366823742
"Veillonella_dispar","Acinetobacter_johnsonii",0.662100180330365,0.411035168610689,0.588964831389311
"Veillonella_dispar","Acinetobacter_lwoffii",0.652100743041786,0.417072689682634,0.582927310317366
"Veillonella_dispar","Acinetobacter_rhizosphaerae",0.639496001047325,0.424560949071317,0.575439050928683
"Veillonella_dispar","Acinetobacter_schindleri",0.631123455768501,0.429462771513142,0.570537228486858
"Veillonella_dispar","Enhydrobacter_aerosaccus",0.670415270745104,0.405946258299603,0.594053741700397
"Veillonella_dispar","Moraxella_lincolnii",0.60897007632634,0.442170738331733,0.557829261668267
"Veillonella_parvula","Eubacterium_biforme",0.605873033210221,0.443918329645093,0.556081670354907
"Veillonella_parvula","Paracoccus_marcusii",0.608443990747087,0.442468083172625,0.557531916827375
"Veillonella_parvula","Aeromonas_caviae",0.635532597234941,0.426888394527808,0.573111605472192
"Veillonella_parvula","Acinetobacter_guillouiae",0.637178504420037,0.425923406013313,0.574076593986687
"Veillonella_parvula","Acinetobacter_johnsonii",0.645281739273713,0.421140273974294,0.578859726025706
"Veillonella_parvula","Acinetobacter_lwoffii",0.63058647472607,0.429775246654533,0.570224753345467
"Veillonella_parvula","Acinetobacter_rhizosphaerae",0.626355067871927,0.432229645054613,0.567770354945387
"Veillonella_parvula","Acinetobacter_schindleri",0.624530488414544,0.433283689737715,0.566716310262285
"Veillonella_parvula","Enhydrobacter_aerosaccus",0.659115493664295,0.412846524955525,0.587153475044475
"Eubacterium_biforme","Eubacterium_cylindroides",0.629887628030504,0.430181573274295,0.569818426725705
"Eubacterium_biforme","Eubacterium_dolichum",0.624160321137989,0.433497219634689,0.566502780365311
"Eubacterium_biforme","Paracoccus_marcusii",0.658037579008483,0.413498743040119,0.586501256959881
"Eubacterium_biforme","Acidovorax_delafieldii",0.636106527779891,0.42655214934408,0.57344785065592
"Eubacterium_biforme","Neisseria_cinerea",0.67003086409658,0.406182924249297,0.593817075750703
"Eubacterium_biforme","Acinetobacter_guillouiae",0.619955339361299,0.435915508234509,0.564084491765491
"Eubacterium_biforme","Acinetobacter_johnsonii",0.664089442471423,0.409823472685848,0.590176527314152
"Eubacterium_biforme","Acinetobacter_lwoffii",0.679695277774025,0.400190406073143,0.599809593926857
"Eubacterium_biforme","Acinetobacter_rhizosphaerae",0.610308287312385,0.4414134754896,0.5585865245104
"Eubacterium_biforme","Enhydrobacter_aerosaccus",0.6244104242264,0.43335295993774,0.566647040062261
"Eubacterium_biforme","Pseudomonas_alcaligenes",0.612006522100435,0.440450608978785,0.559549391021215
"Eubacterium_biforme","Pseudomonas_fragi",0.631106786305159,0.429472475075435,0.570527524924564
"Eubacterium_biforme","Pseudomonas_veronii",0.617036384228131,0.43758634334944,0.56241365665056
"Eubacterium_biforme","Pseudomonas_viridiflava",0.621837221850176,0.434834898639601,0.565165101360399
"Sebaldella_termitidis","Streptobacillus_moniliformis",0.673809092291464,0.403850781668512,0.596149218331488
"Sebaldella_termitidis","Paracoccus_marcusii",0.641918396125303,0.423132132952992,0.576867867047008
"Sebaldella_termitidis","Acidovorax_delafieldii",0.61756726611323,0.43728293694516,0.56271706305484
"Sebaldella_termitidis","Formivibrio_citricus",0.660771331529412,0.411842608571884,0.588157391428116
"Sebaldella_termitidis","Desulfovibrio_cuneatus",0.639270196328684,0.424693891921767,0.575306108078233
"Sebaldella_termitidis","Arcobacter_cryaerophilus",0.618088885801466,0.436984618836026,0.563015381163974
"Sebaldella_termitidis","Sulfuricurvum_kujiense",0.618527267886342,0.436733747329914,0.563266252670086
"Sebaldella_termitidis","Aeromonas_caviae",0.636769350728144,0.426163495193955,0.573836504806045
"Sebaldella_termitidis","Aeromonas_hydrophila",0.631686260300684,0.429135025195634,0.570864974804366
"Sebaldella_termitidis","Hafnia_alvei",0.618185989309523,0.436929062143088,0.563070937856912
"Sebaldella_termitidis","Acinetobacter_guillouiae",0.693982740960181,0.391163175056024,0.608836824943976
"Sebaldella_termitidis","Acinetobacter_johnsonii",0.677454483601689,0.401587796377275,0.598412203622726
"Sebaldella_termitidis","Acinetobacter_lwoffii",0.6671213951775,0.407969732224401,0.592030267775599
"Sebaldella_termitidis","Acinetobacter_rhizosphaerae",0.661361846197928,0.411483993493108,0.588516006506892
"Sebaldella_termitidis","Acinetobacter_schindleri",0.667279152644072,0.407873048481956,0.592126951518044
"Sebaldella_termitidis","Enhydrobacter_aerosaccus",0.690325003018606,0.393493962457745,0.606506037542255
"Sebaldella_termitidis","Moraxella_lincolnii",0.617221433325959,0.437480609098301,0.562519390901699
"Sebaldella_termitidis","Psychrobacter_celer",0.632070673960783,0.428911019932583,0.571088980067417
"Sebaldella_termitidis","Psychrobacter_pulmonis",0.602919518208605,0.445578546269564,0.554421453730436
"Sebaldella_termitidis","Pseudomonas_alcaligenes",0.607163853160652,0.44319078670441,0.55680921329559
"Streptobacillus_moniliformis","Paracoccus_marcusii",0.605762117008478,0.443980789557117,0.556019210442883
"Streptobacillus_moniliformis","Acidovorax_wohlfahrtii",0.616170677491417,0.438080656106032,0.561919343893968
"Streptobacillus_moniliformis","Formivibrio_citricus",0.669067169314091,0.40677563268091,0.59322436731909
"Streptobacillus_moniliformis","Desulfovibrio_cuneatus",0.603759712933055,0.445106890008987,0.554893109991013
"Streptobacillus_moniliformis","Arcobacter_cryaerophilus",0.609256955533751,0.442008509231581,0.557991490768419
"Streptobacillus_moniliformis","Aeromonas_caviae",0.646541172908671,0.420391976071933,0.579608023928067
"Streptobacillus_moniliformis","Aeromonas_hydrophila",0.627994352919097,0.431280446508361,0.568719553491639
"Streptobacillus_moniliformis","Hafnia_alvei",0.645164748499028,0.421209717065604,0.578790282934396
"Streptobacillus_moniliformis","Acinetobacter_guillouiae",0.686279538727866,0.39605584282531,0.60394415717469
"Streptobacillus_moniliformis","Acinetobacter_johnsonii",0.65909877680712,0.412856647756143,0.587143352243857
"Streptobacillus_moniliformis","Acinetobacter_lwoffii",0.644478170356104,0.421617023875872,0.578382976124128
"Streptobacillus_moniliformis","Acinetobacter_rhizosphaerae",0.666114586481879,0.408586229282217,0.591413770717783
"Streptobacillus_moniliformis","Acinetobacter_schindleri",0.655875569195004,0.414803827613124,0.585196172386876
"Streptobacillus_moniliformis","Enhydrobacter_aerosaccus",0.680574826994041,0.399640571642794,0.600359428357206
"Streptobacillus_moniliformis","Moraxella_lincolnii",0.615301480333123,0.438576401364048,0.561423598635952
"Streptobacillus_moniliformis","Psychrobacter_celer",0.659151502580687,0.412824719111703,0.587175280888297
"Streptobacillus_moniliformis","Psychrobacter_lutiphocae",0.624807465291873,0.433123847593345,0.566876152406655
"Streptobacillus_moniliformis","Streptococcus_equi",0.625783051268158,0.432560370776058,0.567439629223942
"Paracoccus_aminovorans","Paracoccus_marcusii",0.604812212474989,0.444515347049464,0.555484652950536
"Paracoccus_aminovorans","Acinetobacter_lwoffii",0.610376033753638,0.441375104784107,0.558624895215893
"Paracoccus_marcusii","Acidovorax_delafieldii",0.665836770846581,0.408756179863631,0.591243820136369
"Paracoccus_marcusii","Acidovorax_wohlfahrtii",0.6139350926873,0.439354587612727,0.560645412387273
"Paracoccus_marcusii","Formivibrio_citricus",0.619132204092659,0.436387325610713,0.563612674389287
"Paracoccus_marcusii","Neisseria_cinerea",0.638853990584674,0.42493882466499,0.57506117533501
"Paracoccus_marcusii","Desulfovibrio_cuneatus",0.609812061095696,0.441694429953732,0.558305570046268
"Paracoccus_marcusii","Arcobacter_cryaerophilus",0.642922552715146,0.422538428598426,0.577461571401574
"Paracoccus_marcusii","Sulfuricurvum_kujiense",0.628978076540549,0.430709834726032,0.569290165273968
"Paracoccus_marcusii","Aeromonas_caviae",0.612562606522838,0.440134861989573,0.559865138010427
"Paracoccus_marcusii","Aeromonas_hydrophila",0.648510590952529,0.419219160492141,0.580780839507859
"Paracoccus_marcusii","Hafnia_alvei",0.62369447666017,0.433765791262883,0.566234208737117
"Paracoccus_marcusii","Acinetobacter_guillouiae",0.697493870135796,0.38891267005859,0.611087329941409
"Paracoccus_marcusii","Acinetobacter_johnsonii",0.714823060212988,0.377608884818016,0.622391115181984
"Paracoccus_marcusii","Acinetobacter_lwoffii",0.711717557280063,0.379659349101229,0.620340650898771
"Paracoccus_marcusii","Acinetobacter_rhizosphaerae",0.688786433438011,0.394470256522586,0.605529743477414
"Paracoccus_marcusii","Acinetobacter_schindleri",0.689036000855529,0.39431205861885,0.60568794138115
"Paracoccus_marcusii","Enhydrobacter_aerosaccus",0.688781863668676,0.394473152655111,0.605526847344889
"Paracoccus_marcusii","Moraxella_lincolnii",0.665284540245542,0.409093791051916,0.590906208948084
"Paracoccus_marcusii","Psychrobacter_celer",0.605915461881044,0.44389443458944,0.55610556541056
"Paracoccus_marcusii","Pseudomonas_alcaligenes",0.651210877141189,0.41760574879832,0.58239425120168
"Paracoccus_marcusii","Pseudomonas_fragi",0.621102605270364,0.435257047461403,0.564742952538597
"Roseisalinus_antarcticus","Nitrosococcus_mobilis",0.666290727038035,0.408478440656276,0.591521559343724
"Roseisalinus_antarcticus","Nitrosomonas_halophila",0.658539795308627,0.413194993127563,0.586805006872437
"Roseisalinus_antarcticus","Thiodictyon_syntrophicum",0.660104315757077,0.412247306991158,0.587752693008842
"Roseisalinus_antarcticus","Hahella_ganghwensis",0.671089500953555,0.40553082438111,0.59446917561889
"Acidovorax_delafieldii","Formivibrio_citricus",0.616917812196637,0.437654080183975,0.562345919816025
"Acidovorax_delafieldii","Neisseria_cinerea",0.65282352804553,0.416639215601742,0.583360784398258
"Acidovorax_delafieldii","Desulfovibrio_cuneatus",0.627476086174483,0.431580765225651,0.568419234774349
"Acidovorax_delafieldii","Arcobacter_cryaerophilus",0.638531300583071,0.425128627251171,0.574871372748829
"Acidovorax_delafieldii","Sulfuricurvum_kujiense",0.62914139063678,0.430615030719563,0.569384969280437
"Acidovorax_delafieldii","Aeromonas_hydrophila",0.664507169156349,0.409568572307282,0.590431427692718
"Acidovorax_delafieldii","Acinetobacter_guillouiae",0.663567285530791,0.410141874519786,0.589858125480214
"Acidovorax_delafieldii","Acinetobacter_johnsonii",0.688024650128348,0.394952750257327,0.605047249742673
"Acidovorax_delafieldii","Acinetobacter_lwoffii",0.684385066757394,0.397249879321949,0.602750120678051
"Acidovorax_delafieldii","Acinetobacter_rhizosphaerae",0.662866065236675,0.410569077478641,0.589430922521359
"Acidovorax_delafieldii","Acinetobacter_schindleri",0.650174624983614,0.418225641858785,0.581774358141215
"Acidovorax_delafieldii","Enhydrobacter_aerosaccus",0.644169013039145,0.421800300474558,0.578199699525442
"Acidovorax_delafieldii","Moraxella_lincolnii",0.622304443149098,0.434566195677311,0.565433804322689
"Acidovorax_delafieldii","Pseudomonas_alcaligenes",0.663396219811368,0.41024613355194,0.58975386644806
"Acidovorax_delafieldii","Pseudomonas_fragi",0.608922371399937,0.442197709514682,0.557802290485318
"Acidovorax_wohlfahrtii","Aquaspirillum_serpens",0.61393821133986,0.439352813044449,0.560647186955551
"Acidovorax_wohlfahrtii","Formivibrio_citricus",0.615799300315657,0.438292539113058,0.561707460886942
"Acidovorax_wohlfahrtii","Desulfovibrio_cuneatus",0.628107655960935,0.431214763220756,0.568785236779244
"Acidovorax_wohlfahrtii","Sulfuricurvum_kujiense",0.60000453762569,0.447211058882889,0.552788941117111
"Acidovorax_wohlfahrtii","Hafnia_alvei",0.617857704297271,0.437116858347244,0.562883141652756
"Acidovorax_wohlfahrtii","Acinetobacter_guillouiae",0.639559596998516,0.424523499350439,0.575476500649561
"Acidovorax_wohlfahrtii","Acinetobacter_johnsonii",0.641140737134885,0.423591349572388,0.576408650427612
"Acidovorax_wohlfahrtii","Acinetobacter_lwoffii",0.628064267136594,0.431239917484111,0.568760082515889
"Acidovorax_wohlfahrtii","Acinetobacter_rhizosphaerae",0.646146024169945,0.420626898706,0.579373101294
"Acidovorax_wohlfahrtii","Acinetobacter_schindleri",0.603935066909099,0.445008389297832,0.554991610702168
"Acidovorax_wohlfahrtii","Enhydrobacter_aerosaccus",0.64157232940911,0.423336550861658,0.576663449138342
"Acidovorax_wohlfahrtii","Pseudomonas_alcaligenes",0.620806418629244,0.435427135908383,0.564572864091617
"Acidovorax_wohlfahrtii","Pseudomonas_fragi",0.655586574712092,0.414977966455996,0.585022033544004
"Acidovorax_wohlfahrtii","Pseudomonas_veronii",0.649263124398916,0.418770149127826,0.581229850872174
"Acidovorax_wohlfahrtii","Pseudomonas_viridiflava",0.651133996547419,0.417651770888488,0.582348229111512
"Acidovorax_wohlfahrtii","Streptococcus_equi",0.623557490238506,0.433844735914529,0.566155264085471
"Variovorax_paradoxus","Neisseria_cinerea",0.65390079274033,0.41599231198405,0.58400768801595
"Chitinilyticum_litopenaei","Formivibrio_citricus",0.635065444405491,0.427161887107517,0.572838112892484
"Chitinilyticum_litopenaei","Arcobacter_cryaerophilus",0.605810635135857,0.44395346876905,0.55604653123095
"Chitinilyticum_litopenaei","Aeromonas_hydrophila",0.629219498939858,0.430569681387428,0.569430318612572
"Chitinilyticum_litopenaei","Acinetobacter_guillouiae",0.619677735344409,0.436074686639566,0.563925313360434
"Chitinilyticum_litopenaei","Acinetobacter_lwoffii",0.60058656386983,0.446885576031589,0.553114423968411
"Chitinilyticum_litopenaei","Acinetobacter_rhizosphaerae",0.620731965048398,0.435469881249899,0.564530118750101
"Chitinilyticum_litopenaei","Acinetobacter_schindleri",0.612326004859049,0.440269233050046,0.559730766949954
"Formivibrio_citricus","Desulfovibrio_cuneatus",0.655964942537015,0.414749959290525,0.585250040709475
"Formivibrio_citricus","Desulfovibrio_mexicanus",0.635536273819006,0.426886241392829,0.573113758607171
"Formivibrio_citricus","Arcobacter_cryaerophilus",0.650595652119379,0.417973891457721,0.582026108542279
"Formivibrio_citricus","Sulfuricurvum_kujiense",0.675405681549792,0.402861215836303,0.597138784163697
"Formivibrio_citricus","Aeromonas_caviae",0.662374111576566,0.410868524240683,0.589131475759316
"Formivibrio_citricus","Aeromonas_hydrophila",0.674203640993269,0.403606466131758,0.596393533868242
"Formivibrio_citricus","Hafnia_alvei",0.65894408287215,0.412950310042171,0.587049689957829
"Formivibrio_citricus","Acinetobacter_guillouiae",0.7089530594618,0.38147538619038,0.61852461380962
"Formivibrio_citricus","Acinetobacter_johnsonii",0.677445609479536,0.401593320736578,0.598406679263422
"Formivibrio_citricus","Acinetobacter_lwoffii",0.664557725807815,0.409537711445592,0.590462288554408
"Formivibrio_citricus","Acinetobacter_rhizosphaerae",0.687951264467408,0.394999199703361,0.605000800296639
"Formivibrio_citricus","Acinetobacter_schindleri",0.680732766617199,0.399541758382526,0.600458241617474
"Formivibrio_citricus","Enhydrobacter_aerosaccus",0.690807142312197,0.393187523764299,0.606812476235701
"Formivibrio_citricus","Moraxella_lincolnii",0.657130830972494,0.414046597031968,0.585953402968032
"Formivibrio_citricus","Psychrobacter_celer",0.667674644632478,0.407630565198147,0.592369434801853
"Formivibrio_citricus","Psychrobacter_pulmonis",0.601305826457395,0.446483019577792,0.553516980422208
"Formivibrio_citricus","Pseudomonas_alcaligenes",0.639581526442502,0.42451058500201,0.575489414997989
"Formivibrio_citricus","Psychrobacter_lutiphocae",0.617661874461513,0.437228844850433,0.562771155149567
"Neisseria_cinerea","Arcobacter_cryaerophilus",0.669699839276715,0.406386614397721,0.593613385602279
"Neisseria_cinerea","Acinetobacter_guillouiae",0.625643979501124,0.432640740394889,0.56735925960511
"Neisseria_cinerea","Acinetobacter_johnsonii",0.669347552165773,0.406603275831754,0.593396724168246
"Neisseria_cinerea","Acinetobacter_lwoffii",0.70655942262744,0.383040844671009,0.616959155328991
"Neisseria_cinerea","Acinetobacter_rhizosphaerae",0.658557879576608,0.413184051255244,0.586815948744756
"Neisseria_cinerea","Acinetobacter_schindleri",0.60574750618742,0.443989016650513,0.556010983349487
"Neisseria_cinerea","Enhydrobacter_aerosaccus",0.629299759115575,0.430523077711535,0.569476922288465
"Neisseria_cinerea","Pseudomonas_alcaligenes",0.606797742555262,0.443397258361358,0.556602741638642
"Neisseria_cinerea","Akkermansia_muciniphila",0.603941167307609,0.44500496215907,0.55499503784093
"Nitrosococcus_mobilis","Nitrosomonas_halophila",0.716895209779724,0.376234494843492,0.623765505156508
"Nitrosococcus_mobilis","Nitrosomonas_oligotropha",0.604042285369932,0.444948151266003,0.555051848733997
"Nitrosococcus_mobilis","Thiodictyon_syntrophicum",0.711466759665129,0.37982445967504,0.62017554032496
"Nitrosococcus_mobilis","Hahella_ganghwensis",0.700806254682827,0.386777549320777,0.613222450679223
"Nitrosomonas_cryotolerans","Thiodictyon_syntrophicum",0.608318076126771,0.442539220789089,0.557460779210911
"Nitrosomonas_halophila","Thiodictyon_syntrophicum",0.712904363245591,0.378877049156061,0.621122950843939
"Nitrosomonas_halophila","Hahella_ganghwensis",0.699265290186832,0.387772297755505,0.612227702244495
"Nitrosomonas_oligotropha","Thiodictyon_syntrophicum",0.605941923596821,0.443879531181141,0.556120468818859
"Nitrosomonas_oligotropha","Hahella_ganghwensis",0.60478960187274,0.444528063302678,0.555471936697322
"Desulfovibrio_cuneatus","Arcobacter_cryaerophilus",0.623314033524038,0.433985003471296,0.566014996528704
"Desulfovibrio_cuneatus","Sulfuricurvum_kujiense",0.625197260425763,0.432898798551253,0.567101201448747
"Desulfovibrio_cuneatus","Aeromonas_caviae",0.6202652140968,0.435737757087448,0.564262242912552
"Desulfovibrio_cuneatus","Aeromonas_hydrophila",0.64833865565071,0.419321681021439,0.580678318978561
"Desulfovibrio_cuneatus","Hafnia_alvei",0.637713655735679,0.425609177687888,0.574390822312111
"Desulfovibrio_cuneatus","Acinetobacter_guillouiae",0.665325476391433,0.409068773929621,0.590931226070379
"Desulfovibrio_cuneatus","Acinetobacter_johnsonii",0.657511649987331,0.413816595856588,0.586183404143412
"Desulfovibrio_cuneatus","Acinetobacter_lwoffii",0.641960605355368,0.423107193654653,0.576892806345347
"Desulfovibrio_cuneatus","Acinetobacter_rhizosphaerae",0.644355727447976,0.421689620782884,0.578310379217116
"Desulfovibrio_cuneatus","Acinetobacter_schindleri",0.641653403150488,0.423288670324113,0.576711329675887
"Desulfovibrio_cuneatus","Enhydrobacter_aerosaccus",0.655729245671536,0.414892006628511,0.585107993371489
"Desulfovibrio_cuneatus","Moraxella_lincolnii",0.615292663249605,0.438581427303069,0.561418572696931
"Desulfovibrio_cuneatus","Psychrobacter_celer",0.619289006015633,0.436297486804799,0.563702513195201
"Desulfovibrio_cuneatus","Pseudomonas_alcaligenes",0.641131017963571,0.423597085705526,0.576402914294474
"Desulfovibrio_cuneatus","Pseudomonas_veronii",0.605386122233841,0.444192457030823,0.555807542969177
"Desulfovibrio_mexicanus","Sulfuricurvum_kujiense",0.612102503993875,0.440396126235305,0.559603873764695
"Desulfovibrio_mexicanus","Aeromonas_hydrophila",0.643108768735834,0.422428237257032,0.577571762742968
"Desulfovibrio_mexicanus","Acinetobacter_guillouiae",0.618661714886527,0.436656778897038,0.563343221102962
"Arcobacter_cryaerophilus","Sulfuricurvum_kujiense",0.644388931717621,0.421669935069112,0.578330064930888
"Arcobacter_cryaerophilus","Aeromonas_caviae",0.611138597703362,0.440942968135698,0.559057031864302
"Arcobacter_cryaerophilus","Aeromonas_hydrophila",0.645710436223493,0.420885711195157,0.579114288804843
"Arcobacter_cryaerophilus","Hafnia_alvei",0.609611119110613,0.441808148911599,0.558191851088401
"Arcobacter_cryaerophilus","Acinetobacter_guillouiae",0.674747084616691,0.403269708373508,0.596730291626492
"Arcobacter_cryaerophilus","Acinetobacter_johnsonii",0.672261352665799,0.404807761372112,0.595192238627888
"Arcobacter_cryaerophilus","Acinetobacter_lwoffii",0.687644189664714,0.395193503448176,0.604806496551824
"Arcobacter_cryaerophilus","Acinetobacter_rhizosphaerae",0.699093719354247,0.387882895115106,0.612117104884894
"Arcobacter_cryaerophilus","Acinetobacter_schindleri",0.649593761811112,0.41857271661498,0.58142728338502
"Arcobacter_cryaerophilus","Enhydrobacter_aerosaccus",0.656535991576193,0.414405603499643,0.585594396500357
"Arcobacter_cryaerophilus","Moraxella_lincolnii",0.625488419426095,0.432730620925943,0.567269379074057
"Arcobacter_cryaerophilus","Psychrobacter_celer",0.605009977157644,0.444404108240662,0.555595891759338
"Arcobacter_cryaerophilus","Pseudomonas_alcaligenes",0.633540302640543,0.428053558190711,0.571946441809289
"Arcobacter_cryaerophilus","Akkermansia_muciniphila",0.610142961917935,0.441507099649635,0.558492900350365
"Sulfuricurvum_kujiense","Aeromonas_caviae",0.604494916136201,0.444693761966479,0.555306238033521
"Sulfuricurvum_kujiense","Aeromonas_hydrophila",0.671574636192872,0.40523163981057,0.59476836018943
"Sulfuricurvum_kujiense","Hafnia_alvei",0.600058485743642,0.447180899780144,0.552819100219856
"Sulfuricurvum_kujiense","Acinetobacter_guillouiae",0.666453106398791,0.408379047945172,0.591620952054828
"Sulfuricurvum_kujiense","Acinetobacter_johnsonii",0.658417308116324,0.413269096282117,0.586730903717883
"Sulfuricurvum_kujiense","Acinetobacter_lwoffii",0.646683742161672,0.420307183996614,0.579692816003386
"Sulfuricurvum_kujiense","Acinetobacter_rhizosphaerae",0.658766639299678,0.413057720361405,0.586942279638595
"Sulfuricurvum_kujiense","Acinetobacter_schindleri",0.647915442393921,0.419573925313573,0.580426074686427
"Sulfuricurvum_kujiense","Enhydrobacter_aerosaccus",0.654525900794936,0.41561646935911,0.58438353064089
"Sulfuricurvum_kujiense","Moraxella_lincolnii",0.64348271549837,0.42220687139223,0.57779312860777
"Sulfuricurvum_kujiense","Pseudomonas_alcaligenes",0.64537191190547,0.421086741713943,0.578913258286057
"Aeromonas_caviae","Aeromonas_hydrophila",0.613741831711573,0.43946454253354,0.56053545746646
"Aeromonas_caviae","Hafnia_alvei",0.670457942236977,0.405919978421254,0.594080021578746
"Aeromonas_caviae","Klebsiella_oxytoca",0.611346026914148,0.440825346983277,0.559174653016723
"Aeromonas_caviae","Acinetobacter_guillouiae",0.681392684787361,0.399128622885304,0.600871377114696
"Aeromonas_caviae","Acinetobacter_johnsonii",0.663112343826231,0.410419088355896,0.589580911644104
"Aeromonas_caviae","Acinetobacter_lwoffii",0.650073629941018,0.418286008646585,0.581713991353415
"Aeromonas_caviae","Acinetobacter_rhizosphaerae",0.657869614129328,0.413600281594846,0.586399718405154
"Aeromonas_caviae","Acinetobacter_schindleri",0.671410471622562,0.405332905386078,0.594667094613922
"Aeromonas_caviae","Enhydrobacter_aerosaccus",0.691582081886544,0.392694485645938,0.607305514354062
"Aeromonas_caviae","Moraxella_lincolnii",0.648956222186355,0.418953325451443,0.581046674548557
"Aeromonas_caviae","Psychrobacter_celer",0.618983371384487,0.436472581392871,0.563527418607129
"Aeromonas_caviae","Pseudomonas_alcaligenes",0.614267269005881,0.439165533138769,0.560834466861231
"Aeromonas_hydrophila","Hafnia_alvei",0.618929538074565,0.436503414606023,0.563496585393977
"Aeromonas_hydrophila","Acinetobacter_guillouiae",0.69842576526022,0.388313169194518,0.611686830805482
"Aeromonas_hydrophila","Acinetobacter_johnsonii",0.68923299178617,0.394187143507896,0.605812856492104
"Aeromonas_hydrophila","Acinetobacter_lwoffii",0.672851008039426,0.404443439779022,0.595556560220978
"Aeromonas_hydrophila","Acinetobacter_rhizosphaerae",0.674899336085115,0.403175311691382,0.596824688308618
"Aeromonas_hydrophila","Acinetobacter_schindleri",0.673767480321902,0.403876540342527,0.596123459657473
"Aeromonas_hydrophila","Enhydrobacter_aerosaccus",0.678869474538162,0.400705955447282,0.599294044552718
"Aeromonas_hydrophila","Moraxella_lincolnii",0.647914641965009,0.41957440224291,0.58042559775709
"Aeromonas_hydrophila","Psychrobacter_celer",0.654814533721088,0.415442815727334,0.584557184272666
"Aeromonas_hydrophila","Pseudomonas_alcaligenes",0.649533146559835,0.418608918586409,0.581391081413591
"Aeromonas_hydrophila","Psychrobacter_lutiphocae",0.602949305588471,0.445561833201369,0.554438166798631
"Thiodictyon_syntrophicum","Hahella_ganghwensis",0.695355372016892,0.390284913866209,0.609715086133791
"Hafnia_alvei","Klebsiella_oxytoca",0.615873921271805,0.438249973604218,0.561750026395782
"Hafnia_alvei","Acinetobacter_guillouiae",0.682053628853367,0.398714416059059,0.601285583940941
"Hafnia_alvei","Acinetobacter_johnsonii",0.663368760722796,0.41026286651195,0.58973713348805
"Hafnia_alvei","Acinetobacter_lwoffii",0.647208139201034,0.419995155209537,0.580004844790463
"Hafnia_alvei","Acinetobacter_rhizosphaerae",0.66671474923824,0.408218844960494,0.591781155039506
"Hafnia_alvei","Acinetobacter_schindleri",0.649835824715466,0.418428115262666,0.581571884737334
"Hafnia_alvei","Enhydrobacter_aerosaccus",0.686588884246014,0.395860528313942,0.604139471686058
"Hafnia_alvei","Moraxella_lincolnii",0.649316264315008,0.418738424129547,0.581261575870453
"Hafnia_alvei","Psychrobacter_celer",0.648736213352246,0.419084589699833,0.580915410300167
"Hafnia_alvei","Pseudomonas_alcaligenes",0.618728541459003,0.436618516866267,0.563381483133733
"Hafnia_alvei","Psychrobacter_lutiphocae",0.636809399559001,0.426140000728046,0.573859999271954
"Hafnia_alvei","Streptococcus_equi",0.642853332812364,0.422579381411135,0.577420618588865
"Klebsiella_oxytoca","Acinetobacter_guillouiae",0.616244573699185,0.438038483640887,0.561961516359113
"Klebsiella_oxytoca","Acinetobacter_johnsonii",0.607262826956451,0.443134952945234,0.556865047054766
"Klebsiella_oxytoca","Acinetobacter_lwoffii",0.607786040094655,0.442839677482351,0.557160322517649
"Klebsiella_oxytoca","Acinetobacter_rhizosphaerae",0.605458179346564,0.444151900059786,0.555848099940214
"Klebsiella_oxytoca","Acinetobacter_schindleri",0.600040319850409,0.447191055450347,0.552808944549653
"Klebsiella_oxytoca","Enhydrobacter_aerosaccus",0.621743049555674,0.43488903782708,0.56511096217292
"Klebsiella_oxytoca","Moraxella_lincolnii",0.635035241517219,0.42717956323002,0.57282043676998
"Hahella_chejuensis","Pseudomonas_viridiflava",0.603982985634017,0.444981468359067,0.555018531640933
"Acinetobacter_guillouiae","Acinetobacter_johnsonii",0.728553104572423,0.3684066336452,0.6315933663548
"Acinetobacter_guillouiae","Acinetobacter_lwoffii",0.718778450245937,0.374981032689697,0.625018967310303
"Acinetobacter_guillouiae","Acinetobacter_rhizosphaerae",0.715808206831859,0.376956093708631,0.623043906291369
"Acinetobacter_guillouiae","Acinetobacter_schindleri",0.718403403666568,0.375230993078551,0.624769006921449
"Acinetobacter_guillouiae","Enhydrobacter_aerosaccus",0.734581106512693,0.364293078089131,0.63570692191087
"Acinetobacter_guillouiae","Moraxella_lincolnii",0.695003201864241,0.390510434006416,0.609489565993584
"Acinetobacter_guillouiae","Psychrobacter_celer",0.678899136179022,0.400687449155185,0.599312550844815
"Acinetobacter_guillouiae","Pseudomonas_alcaligenes",0.673518144220592,0.404030850170756,0.595969149829244
"Acinetobacter_guillouiae","Psychrobacter_lutiphocae",0.621525094037485,0.435014313536069,0.564985686463931
"Acinetobacter_guillouiae","Streptococcus_equi",0.611471087132126,0.440754417373141,0.559245582626859
"Acinetobacter_johnsonii","Acinetobacter_lwoffii",0.739394684528724,0.360974594307741,0.639025405692259
"Acinetobacter_johnsonii","Acinetobacter_rhizosphaerae",0.716685278080891,0.37637396424242,0.62362603575758
"Acinetobacter_johnsonii","Acinetobacter_schindleri",0.712130016373075,0.379387653744112,0.620612346255888
"Acinetobacter_johnsonii","Enhydrobacter_aerosaccus",0.724225283759188,0.37133187059611,0.62866812940389
"Acinetobacter_johnsonii","Moraxella_lincolnii",0.687954636747967,0.394997065338487,0.605002934661513
"Acinetobacter_johnsonii","Psychrobacter_celer",0.654186716963909,0.415820443843308,0.584179556156692
"Acinetobacter_johnsonii","Pseudomonas_alcaligenes",0.677797120805044,0.401374438146574,0.598625561853426
"Acinetobacter_johnsonii","Pseudomonas_fragi",0.623900871726716,0.433646819585526,0.566353180414474
"Acinetobacter_johnsonii","Psychrobacter_lutiphocae",0.602781842623212,0.445655784982529,0.554344215017471
"Acinetobacter_johnsonii","Streptococcus_equi",0.611394416747677,0.440797903382221,0.55920209661778
"Acinetobacter_lwoffii","Acinetobacter_rhizosphaerae",0.71673847963869,0.376338624353992,0.623661375646008
"Acinetobacter_lwoffii","Acinetobacter_schindleri",0.69821888184803,0.388446340021354,0.611553659978646
"Acinetobacter_lwoffii","Enhydrobacter_aerosaccus",0.718097898117262,0.375434482887986,0.624565517112014
"Acinetobacter_lwoffii","Moraxella_lincolnii",0.686918141378054,0.395652536085608,0.604347463914392
"Acinetobacter_lwoffii","Psychrobacter_celer",0.639767376145375,0.424401121496294,0.575598878503706
"Acinetobacter_lwoffii","Pseudomonas_alcaligenes",0.678629838902586,0.400855435972505,0.599144564027495
"Acinetobacter_lwoffii","Pseudomonas_fragi",0.614309757485266,0.43914134542009,0.56085865457991
"Acinetobacter_rhizosphaerae","Acinetobacter_schindleri",0.698691593476874,0.388141988531985,0.611858011468015
"Acinetobacter_rhizosphaerae","Enhydrobacter_aerosaccus",0.699274262912852,0.387766512921853,0.612233487078147
"Acinetobacter_rhizosphaerae","Moraxella_lincolnii",0.663835848114549,0.409978140810855,0.590021859189145
"Acinetobacter_rhizosphaerae","Psychrobacter_celer",0.64944550360344,0.418661257102063,0.581338742897937
"Acinetobacter_rhizosphaerae","Pseudomonas_alcaligenes",0.654617845701719,0.415561159336554,0.584438840663446
"Acinetobacter_rhizosphaerae","Psychrobacter_lutiphocae",0.60147032797568,0.446390900458511,0.553609099541489
"Acinetobacter_rhizosphaerae","Streptococcus_equi",0.615439423133545,0.438497763316105,0.561502236683895
"Acinetobacter_schindleri","Enhydrobacter_aerosaccus",0.71300454760725,0.378810937271319,0.621189062728681
"Acinetobacter_schindleri","Moraxella_lincolnii",0.699976064028007,0.38731378491605,0.61268621508395
"Acinetobacter_schindleri","Psychrobacter_celer",0.654223617971948,0.415798257588973,0.584201742411027
"Acinetobacter_schindleri","Pseudomonas_alcaligenes",0.650638737624739,0.417948120210668,0.582051879789332
"Enhydrobacter_aerosaccus","Moraxella_lincolnii",0.688347922840459,0.394748069760664,0.605251930239336
"Enhydrobacter_aerosaccus","Psychrobacter_celer",0.669731194717457,0.40636732477067,0.59363267522933
"Enhydrobacter_aerosaccus","Pseudomonas_alcaligenes",0.670724980803102,0.405755480059664,0.594244519940335
"Enhydrobacter_aerosaccus","Psychrobacter_lutiphocae",0.633640196775254,0.427995212137207,0.572004787862793
"Enhydrobacter_aerosaccus","Streptococcus_equi",0.629084250531454,0.430648202985074,0.569351797014926
"Moraxella_lincolnii","Psychrobacter_celer",0.658649589797776,0.41312855759571,0.58687144240429
"Moraxella_lincolnii","Pseudomonas_alcaligenes",0.676795022933218,0.401998120062011,0.598001879937989
"Pseudomonas_alcaligenes","Pseudomonas_fragi",0.668323228593187,0.407232594107356,0.592767405892644
"Pseudomonas_alcaligenes","Pseudomonas_veronii",0.640801392694873,0.423791580440862,0.576208419559138
"Pseudomonas_alcaligenes","Pseudomonas_viridiflava",0.619812524057976,0.435997405922342,0.564002594077658
"Pseudomonas_fragi","Pseudomonas_veronii",0.698134314406493,0.388500762929435,0.611499237070565
"Pseudomonas_fragi","Pseudomonas_viridiflava",0.692279548066348,0.39225020837066,0.60774979162934
"Pseudomonas_veronii","Pseudomonas_viridiflava",0.70148728199389,0.386337105392499,0.613662894607501
"Psychrobacter_lutiphocae","Streptococcus_equi",0.625382645596321,0.432791724969228,0.567208275030772
